ROI_ID	ROI_Name	Atlas	Network
0	L_V1	HCP_MMP1	Visual
1	R_V1	HCP_MMP1	Visual
2	L_MST	HCP_MMP1	Visual
3	R_MST	HCP_MMP1	Visual
4	L_V6	HCP_MMP1	Visual
5	R_V6	HCP_MMP1	Visual
6	L_V2	HCP_MMP1	Visual
7	R_V2	HCP_MMP1	Visual
8	L_V3	HCP_MMP1	Visual
9	R_V3	HCP_MMP1	Visual
10	L_V4	HCP_MMP1	Visual
11	R_V4	HCP_MMP1	Visual
12	L_V8	HCP_MMP1	Visual
13	R_V8	HCP_MMP1	Visual
14	L_4	HCP_MMP1	Somatomotor
15	R_4	HCP_MMP1	Somatomotor
16	L_3a	HCP_MMP1	Somatomotor
17	R_3a	HCP_MMP1	Somatomotor
18	L_3b	HCP_MMP1	Somatomotor
19	R_3b	HCP_MMP1	Somatomotor
20	L_1	HCP_MMP1	Somatomotor
21	R_1	HCP_MMP1	Somatomotor
22	L_2	HCP_MMP1	Somatomotor
23	R_2	HCP_MMP1	Somatomotor
24	L_8a	HCP_MMP1	Frontoparietal
25	R_8a	HCP_MMP1	Frontoparietal
26	L_8b	HCP_MMP1	Frontoparietal
27	R_8b	HCP_MMP1	Frontoparietal
28	L_9p	HCP_MMP1	Frontoparietal
29	R_9p	HCP_MMP1	Frontoparietal
30	L_9m	HCP_MMP1	Frontoparietal
31	R_9m	HCP_MMP1	Frontoparietal
32	L_10v	HCP_MMP1	DefaultMode
33	R_10v	HCP_MMP1	DefaultMode
34	L_10d	HCP_MMP1	DefaultMode
35	R_10d	HCP_MMP1	DefaultMode
36	L_11l	HCP_MMP1	DefaultMode
37	R_11l	HCP_MMP1	DefaultMode
38	L_a24	HCP_MMP1	CinguloOpercular
39	R_a24	HCP_MMP1	CinguloOpercular
40	L_p24	HCP_MMP1	CinguloOpercular
41	R_p24	HCP_MMP1	CinguloOpercular
42	L_25	HCP_MMP1	CinguloOpercular
43	R_25	HCP_MMP1	CinguloOpercular
44	L_s32	HCP_MMP1	CinguloOpercular
45	R_s32	HCP_MMP1	CinguloOpercular
46	L_a32pr	HCP_MMP1	CinguloOpercular
47	R_a32pr	HCP_MMP1	CinguloOpercular
