n,snr,mech,strength,Prob_Indistinguishable
50,0.5,S0,0.2,0.0
50,0.5,S0,0.5,0.2
50,0.5,S0,1.0,0.0
50,0.5,S1,0.2,0.0
50,0.5,S1,0.5,0.1
50,0.5,S1,1.0,0.1
50,0.5,S2,0.2,0.0
50,0.5,S2,0.5,0.1
50,0.5,S2,1.0,0.0
50,0.5,S3,0.2,0.0
50,0.5,S3,0.5,0.0
50,0.5,S3,1.0,0.1
50,0.5,S4,0.2,0.0
50,0.5,S4,0.5,0.0
50,0.5,S4,1.0,0.0
50,0.5,S5,0.2,0.1
50,0.5,S5,0.5,0.0
50,0.5,S5,1.0,0.0
50,1.0,S0,0.2,0.0
50,1.0,S0,0.5,0.1
50,1.0,S0,1.0,0.3
50,1.0,S1,0.2,0.0
50,1.0,S1,0.5,0.0
50,1.0,S1,1.0,0.0
50,1.0,S2,0.2,0.2
50,1.0,S2,0.5,0.0
50,1.0,S2,1.0,0.1
50,1.0,S3,0.2,0.1
50,1.0,S3,0.5,0.0
50,1.0,S3,1.0,0.0
50,1.0,S4,0.2,0.1
50,1.0,S4,0.5,0.2
50,1.0,S4,1.0,0.0
50,1.0,S5,0.2,0.0
50,1.0,S5,0.5,0.0
50,1.0,S5,1.0,0.0
50,2.0,S0,0.2,0.6
50,2.0,S0,0.5,0.5
50,2.0,S0,1.0,0.1
50,2.0,S1,0.2,0.0
50,2.0,S1,0.5,0.0
50,2.0,S1,1.0,0.2
50,2.0,S2,0.2,0.0
50,2.0,S2,0.5,0.0
50,2.0,S2,1.0,0.0
50,2.0,S3,0.2,0.0
50,2.0,S3,0.5,0.0
50,2.0,S3,1.0,0.0
50,2.0,S4,0.2,0.0
50,2.0,S4,0.5,0.0
50,2.0,S4,1.0,0.0
50,2.0,S5,0.2,0.0
50,2.0,S5,0.5,0.0
50,2.0,S5,1.0,0.0
50,5.0,S0,0.2,0.4
50,5.0,S0,0.5,0.8
50,5.0,S0,1.0,0.6
50,5.0,S1,0.2,0.0
50,5.0,S1,0.5,0.0
50,5.0,S1,1.0,0.0
50,5.0,S2,0.2,0.0
50,5.0,S2,0.5,0.0
50,5.0,S2,1.0,0.0
50,5.0,S3,0.2,0.0
50,5.0,S3,0.5,0.0
50,5.0,S3,1.0,0.0
50,5.0,S4,0.2,0.0
50,5.0,S4,0.5,0.0
50,5.0,S4,1.0,0.0
50,5.0,S5,0.2,0.0
50,5.0,S5,0.5,0.0
50,5.0,S5,1.0,0.0
200,0.5,S0,0.2,0.3
200,0.5,S0,0.5,0.1
200,0.5,S0,1.0,0.1
200,0.5,S1,0.2,0.1
200,0.5,S1,0.5,0.0
200,0.5,S1,1.0,0.0
200,0.5,S2,0.2,0.1
200,0.5,S2,0.5,0.0
200,0.5,S2,1.0,0.0
200,0.5,S3,0.2,0.1
200,0.5,S3,0.5,0.2
200,0.5,S3,1.0,0.0
200,0.5,S4,0.2,0.0
200,0.5,S4,0.5,0.0
200,0.5,S4,1.0,0.0
200,0.5,S5,0.2,0.1
200,0.5,S5,0.5,0.0
200,0.5,S5,1.0,0.0
200,1.0,S0,0.2,0.5
200,1.0,S0,0.5,0.4
200,1.0,S0,1.0,0.4
200,1.0,S1,0.2,0.0
200,1.0,S1,0.5,0.0
200,1.0,S1,1.0,0.0
200,1.0,S2,0.2,0.0
200,1.0,S2,0.5,0.0
200,1.0,S2,1.0,0.0
200,1.0,S3,0.2,0.0
200,1.0,S3,0.5,0.0
200,1.0,S3,1.0,0.0
200,1.0,S4,0.2,0.0
200,1.0,S4,0.5,0.0
200,1.0,S4,1.0,0.0
200,1.0,S5,0.2,0.0
200,1.0,S5,0.5,0.0
200,1.0,S5,1.0,0.0
200,2.0,S0,0.2,0.8
200,2.0,S0,0.5,0.5
200,2.0,S0,1.0,0.6
200,2.0,S1,0.2,0.0
200,2.0,S1,0.5,0.0
200,2.0,S1,1.0,0.0
200,2.0,S2,0.2,0.0
200,2.0,S2,0.5,0.0
200,2.0,S2,1.0,0.0
200,2.0,S3,0.2,0.0
200,2.0,S3,0.5,0.0
200,2.0,S3,1.0,0.0
200,2.0,S4,0.2,0.0
200,2.0,S4,0.5,0.0
200,2.0,S4,1.0,0.0
200,2.0,S5,0.2,0.0
200,2.0,S5,0.5,0.0
200,2.0,S5,1.0,0.0
200,5.0,S0,0.2,1.0
200,5.0,S0,0.5,0.9
200,5.0,S0,1.0,0.9
200,5.0,S1,0.2,0.0
200,5.0,S1,0.5,0.0
200,5.0,S1,1.0,0.0
200,5.0,S2,0.2,0.0
200,5.0,S2,0.5,0.0
200,5.0,S2,1.0,0.0
200,5.0,S3,0.2,0.0
200,5.0,S3,0.5,0.0
200,5.0,S3,1.0,0.0
200,5.0,S4,0.2,0.0
200,5.0,S4,0.5,0.0
200,5.0,S4,1.0,0.0
200,5.0,S5,0.2,0.0
200,5.0,S5,0.5,0.0
200,5.0,S5,1.0,0.0
1000,0.5,S0,0.2,0.0
1000,0.5,S0,0.5,0.0
1000,0.5,S0,1.0,0.3
1000,0.5,S1,0.2,0.0
1000,0.5,S1,0.5,0.0
1000,0.5,S1,1.0,0.0
1000,0.5,S2,0.2,0.0
1000,0.5,S2,0.5,0.0
1000,0.5,S2,1.0,0.0
1000,0.5,S3,0.2,0.0
1000,0.5,S3,0.5,0.0
1000,0.5,S3,1.0,0.0
1000,0.5,S4,0.2,0.0
1000,0.5,S4,0.5,0.0
1000,0.5,S4,1.0,0.0
1000,0.5,S5,0.2,0.0
1000,0.5,S5,0.5,0.0
1000,0.5,S5,1.0,0.0
1000,1.0,S0,0.2,0.5
1000,1.0,S0,0.5,0.7
1000,1.0,S0,1.0,0.6
1000,1.0,S1,0.2,0.0
1000,1.0,S1,0.5,0.0
1000,1.0,S1,1.0,0.0
1000,1.0,S2,0.2,0.0
1000,1.0,S2,0.5,0.0
1000,1.0,S2,1.0,0.0
1000,1.0,S3,0.2,0.0
1000,1.0,S3,0.5,0.0
1000,1.0,S3,1.0,0.0
1000,1.0,S4,0.2,0.0
1000,1.0,S4,0.5,0.0
1000,1.0,S4,1.0,0.0
1000,1.0,S5,0.2,0.0
1000,1.0,S5,0.5,0.0
1000,1.0,S5,1.0,0.0
1000,2.0,S0,0.2,0.8
1000,2.0,S0,0.5,0.7
1000,2.0,S0,1.0,1.0
1000,2.0,S1,0.2,0.0
1000,2.0,S1,0.5,0.0
1000,2.0,S1,1.0,0.0
1000,2.0,S2,0.2,0.0
1000,2.0,S2,0.5,0.0
1000,2.0,S2,1.0,0.0
1000,2.0,S3,0.2,0.0
1000,2.0,S3,0.5,0.0
1000,2.0,S3,1.0,0.0
1000,2.0,S4,0.2,0.0
1000,2.0,S4,0.5,0.0
1000,2.0,S4,1.0,0.0
1000,2.0,S5,0.2,0.0
1000,2.0,S5,0.5,0.0
1000,2.0,S5,1.0,0.0
1000,5.0,S0,0.2,1.0
1000,5.0,S0,0.5,0.9
1000,5.0,S0,1.0,0.9
1000,5.0,S1,0.2,0.0
1000,5.0,S1,0.5,0.0
1000,5.0,S1,1.0,0.0
1000,5.0,S2,0.2,0.0
1000,5.0,S2,0.5,0.0
1000,5.0,S2,1.0,0.0
1000,5.0,S3,0.2,0.0
1000,5.0,S3,0.5,0.0
1000,5.0,S3,1.0,0.0
1000,5.0,S4,0.2,0.0
1000,5.0,S4,0.5,0.0
1000,5.0,S4,1.0,0.0
1000,5.0,S5,0.2,0.0
1000,5.0,S5,0.5,0.0
1000,5.0,S5,1.0,0.0
5000,0.5,S0,0.2,0.0
5000,0.5,S0,0.5,0.2
5000,0.5,S0,1.0,0.0
5000,0.5,S1,0.2,0.0
5000,0.5,S1,0.5,0.0
5000,0.5,S1,1.0,0.0
5000,0.5,S2,0.2,0.0
5000,0.5,S2,0.5,0.0
5000,0.5,S2,1.0,0.0
5000,0.5,S3,0.2,0.0
5000,0.5,S3,0.5,0.0
5000,0.5,S3,1.0,0.0
5000,0.5,S4,0.2,0.0
5000,0.5,S4,0.5,0.0
5000,0.5,S4,1.0,0.0
5000,0.5,S5,0.2,0.0
5000,0.5,S5,0.5,0.0
5000,0.5,S5,1.0,0.0
5000,1.0,S0,0.2,0.0
5000,1.0,S0,0.5,0.0
5000,1.0,S0,1.0,0.2
5000,1.0,S1,0.2,0.0
5000,1.0,S1,0.5,0.0
5000,1.0,S1,1.0,0.0
5000,1.0,S2,0.2,0.0
5000,1.0,S2,0.5,0.0
5000,1.0,S2,1.0,0.0
5000,1.0,S3,0.2,0.0
5000,1.0,S3,0.5,0.0
5000,1.0,S3,1.0,0.0
5000,1.0,S4,0.2,0.0
5000,1.0,S4,0.5,0.0
5000,1.0,S4,1.0,0.0
5000,1.0,S5,0.2,0.0
5000,1.0,S5,0.5,0.0
5000,1.0,S5,1.0,0.0
5000,2.0,S0,0.2,0.0
5000,2.0,S0,0.5,0.0
5000,2.0,S0,1.0,0.0
5000,2.0,S1,0.2,0.0
5000,2.0,S1,0.5,0.0
5000,2.0,S1,1.0,0.0
5000,2.0,S2,0.2,0.0
5000,2.0,S2,0.5,0.0
5000,2.0,S2,1.0,0.0
5000,2.0,S3,0.2,0.0
5000,2.0,S3,0.5,0.0
5000,2.0,S3,1.0,0.0
5000,2.0,S4,0.2,0.0
5000,2.0,S4,0.5,0.0
5000,2.0,S4,1.0,0.0
5000,2.0,S5,0.2,0.0
5000,2.0,S5,0.5,0.0
5000,2.0,S5,1.0,0.0
5000,5.0,S0,0.2,0.0
5000,5.0,S0,0.5,0.1
5000,5.0,S0,1.0,0.2
5000,5.0,S1,0.2,0.0
5000,5.0,S1,0.5,0.0
5000,5.0,S1,1.0,0.0
5000,5.0,S2,0.2,0.0
5000,5.0,S2,0.5,0.0
5000,5.0,S2,1.0,0.0
5000,5.0,S3,0.2,0.0
5000,5.0,S3,0.5,0.0
5000,5.0,S3,1.0,0.0
5000,5.0,S4,0.2,0.0
5000,5.0,S4,0.5,0.0
5000,5.0,S4,1.0,0.0
5000,5.0,S5,0.2,0.0
5000,5.0,S5,0.5,0.0
5000,5.0,S5,1.0,0.0
