EdgeID,mean_dC,p_fdr,Significant
0,0.11540283854631514,3.4742854842514685e-13,True
1,0.14344531460952237,5.201349625125807e-13,True
2,0.11622536577515115,4.636324594324318e-13,True
3,0.11378260329199681,4.264907535003113e-13,True
4,0.1455399162793499,4.400533278398762e-13,True
5,0.07332132213303055,5.697305539130906e-11,True
6,0.07258617117354467,5.8184388641428565e-11,True
7,0.07586516905207805,4.1705433493697686e-11,True
8,0.07155026028054676,3.998207589633607e-11,True
9,0.07907624633104188,4.1705433493697686e-11,True
10,0.12109626100861699,2.9306487042074883e-13,True
11,0.1274293905444915,2.0972216211804746e-13,True
12,0.12813470730657228,2.1557496876649694e-13,True
13,0.10862933389334177,1.973726249563545e-13,True
14,0.1176487744439983,2.1557496876649694e-13,True
15,0.17754381489832954,3.037037159378199e-15,True
16,0.17697089848094244,3.037037159378199e-15,True
17,0.18861886198077268,3.037037159378199e-15,True
18,0.14252344166629047,3.037037159378199e-15,True
19,0.18282390243836782,3.037037159378199e-15,True
20,0.1373439518286924,3.4742854842514685e-13,True
21,0.12516355125340717,3.86443947511551e-13,True
22,0.1264991287386819,3.542037192105386e-13,True
23,0.12998932233130744,3.9832207800467794e-13,True
24,0.10910425545651431,2.985546767709909e-13,True
25,0.1347219452408821,2.2692104562009628e-14,True
26,0.14783144004810433,1.9257057928405797e-14,True
27,0.14485826707470273,1.9257057928405797e-14,True
28,0.1569218930598732,1.9257057928405797e-14,True
29,0.12949313079120467,1.9257057928405797e-14,True
30,0.09192852516002499,7.827984037043595e-12,True
31,0.08150112066730408,7.998882544321085e-12,True
32,0.08872862090647514,5.662382403966089e-12,True
33,0.08375765597061526,3.956873759512199e-12,True
34,0.08296236659727498,4.484266104408039e-12,True
35,0.05390938203672633,1.1644796412159248e-12,True
36,0.05576751319784725,1.0774841900898986e-12,True
37,0.05276338218024979,1.3682945120521918e-12,True
38,0.0665034911304339,8.758822244686267e-13,True
39,0.05050736032276086,9.204453572213263e-13,True
40,0.10128002991956388,2.968258697086664e-14,True
41,0.11442897811921685,3.4841948441951385e-14,True
42,0.11425007619941926,3.1583055321091205e-14,True
43,0.11435962145666886,3.053742460619098e-14,True
44,0.11880928804998953,3.1447787423191137e-14,True
45,0.0802819418477207,6.101003368960399e-13,True
46,0.09074002312688653,4.968962359587387e-13,True
47,0.09771908988168397,5.845037485987725e-13,True
48,0.08088266189818881,5.201349625125807e-13,True
49,0.07890321778413006,5.845137333056625e-13,True
50,0.08975870306545872,1.5350338770664153e-13,True
51,0.09063316214496356,1.396758716286831e-13,True
52,0.10099459529948175,1.4101823423757465e-13,True
53,0.09018658297688359,1.5134291864610072e-13,True
54,0.09177811932949652,1.4721199960981463e-13,True
55,0.07763400251386814,5.845137333056625e-13,True
56,0.07935536622194495,5.380139206895275e-13,True
57,0.08288754934538613,4.4899149092984296e-13,True
58,0.08817820253883892,5.845137333056625e-13,True
59,0.09576836936105657,5.269327532027373e-13,True
60,0.0729035502815766,7.503569066583571e-11,True
61,0.07631829247809559,7.19486983661211e-11,True
62,0.07718479813780157,5.298615137251188e-11,True
63,0.08579035891330872,6.09684735883812e-11,True
64,0.07853733669043696,5.298615137251188e-11,True
65,0.05246874290898381,3.041752567272904e-13,True
66,0.04403725171805462,2.26964190275815e-13,True
67,0.04868699968396583,2.35036353293617e-13,True
68,0.045818188599421925,2.5701103422714603e-13,True
69,0.04585115006754054,2.1557496876649694e-13,True
70,0.04556219993309035,5.971599231715547e-13,True
71,0.037232611173738085,5.567673124649299e-13,True
72,0.042549160878635764,5.201349625125807e-13,True
73,0.04279226288467929,5.685808369014527e-13,True
74,0.041047370039918006,5.845137333056625e-13,True
75,0.10580680207618726,1.5774344996501966e-12,True
76,0.10373458784651562,1.5774344996501966e-12,True
77,0.08736947583607789,1.9644919600052287e-12,True
78,0.10763807048291398,1.4377030374986271e-12,True
79,0.10679280475268063,2.6991907070832558e-12,True
80,0.09307181467780794,2.8354418224371995e-12,True
81,0.0830162787898167,2.6410832120736293e-12,True
82,0.10030893291633791,2.8816080636061565e-12,True
83,0.10341243859783333,2.8816080636061565e-12,True
84,0.08837664198243907,2.528736238086844e-12,True
85,0.11072977391999775,3.4742854842514685e-13,True
86,0.11235452285817571,4.400533278398762e-13,True
87,0.10806926728271972,3.9832207800467794e-13,True
88,0.10144970427695331,3.716762042074852e-13,True
89,0.10491165751520065,4.181078041615887e-13,True
90,0.06657157767122152,1.1658460646319781e-11,True
91,0.07089828639997356,3.91478233390632e-11,True
92,0.09259683874370887,3.8331338708725966e-11,True
93,0.07858116969861106,1.7184469507938986e-11,True
94,0.06487941859735928,3.047270547495066e-11,True
95,0.1288023708607554,2.1927799854705027e-13,True
96,0.10356949753008506,2.5240252041277804e-13,True
97,0.10344007637757108,2.617308365581724e-13,True
98,0.1084498526724332,2.5240252041277804e-13,True
99,0.12498669009243521,2.506884264070484e-13,True
100,0.10566768952896849,9.34314574020164e-13,True
101,0.096532929039211,1.5774344996501966e-12,True
102,0.09423363825299363,9.34314574020164e-13,True
103,0.10904285942891688,1.031878551938089e-12,True
104,0.10882632390770616,1.031878551938089e-12,True
105,0.12002928269191612,1.9257057928405797e-14,True
106,0.13644844081278532,1.9257057928405797e-14,True
107,0.1176112478082918,1.9257057928405797e-14,True
108,0.13540715406041567,1.9257057928405797e-14,True
109,0.1499584343751633,1.9257057928405797e-14,True
110,0.11227505762104556,3.4711308872085727e-14,True
111,0.10544322848901694,3.1583055321091205e-14,True
112,0.09126900656833337,7.065257410171565e-14,True
113,0.10862710879327939,4.142609250160053e-14,True
114,0.103167633159613,4.142609250160053e-14,True
115,0.13470575797004156,1.9257057928405797e-14,True
116,0.11271415263623145,4.142609250160053e-14,True
117,0.11757470940301305,2.2127615167064726e-14,True
118,0.11837596585624213,2.2127615167064726e-14,True
119,0.15068908289639305,2.554823775978643e-14,True
120,0.120866168035565,7.984881489208105e-13,True
121,0.12313396197596496,1.0544207778927604e-12,True
122,0.1074417108030798,4.581374919807615e-13,True
123,0.09653789061536047,4.636324594324318e-13,True
124,0.12949161139322507,5.845037485987725e-13,True
125,0.13945566089635852,1.367121629552048e-13,True
126,0.13284232610035063,1.4101823423757465e-13,True
127,0.10686835751493108,1.4924602563550427e-13,True
128,0.11186994050639594,1.091159729879731e-13,True
129,0.10025319559121196,9.605317025428598e-14,True
130,0.04396109500531505,1.0926294138192757e-11,True
131,0.04559045159456002,1.110886414228416e-11,True
132,0.03753890415153577,1.0136654954001098e-11,True
133,0.04484218990069169,8.766935217499438e-12,True
134,0.040314876093952866,1.6380628144683592e-11,True
135,0.13422277811041208,5.662382403966089e-12,True
136,0.10356788681969542,7.827984037043595e-12,True
137,0.12381391107647918,8.579415756985986e-12,True
138,0.12047889072131039,7.497370821901529e-12,True
139,0.11372279056822351,7.181128676893916e-12,True
140,0.07581722049981444,1.5792016879461126e-09,True
141,0.08742575287929516,9.625733097489757e-10,True
142,0.08902137311974358,1.3029735642458952e-09,True
143,0.08754004886966468,1.7288889537682778e-09,True
144,0.08956454570174499,1.525940191018106e-09,True
145,0.08535366141697574,1.7040865706698548e-12,True
146,0.09605657393142916,2.9452158312475177e-12,True
147,0.10106225836415046,1.741424110571767e-12,True
148,0.10512402023419201,1.8186923047488371e-12,True
149,0.10564954422520399,1.7796194434591775e-12,True
150,0.08915762676592304,1.555753947595791e-09,True
151,0.08546937109998837,1.189415579267811e-09,True
152,0.07657524074719683,1.5792016879461126e-09,True
153,0.0886046411714724,1.525940191018106e-09,True
154,0.09547232640510281,2.2322567715059346e-09,True
155,0.11929627591724998,5.269327532027373e-13,True
156,0.11379954985402288,5.806685029342571e-13,True
157,0.12000355068028658,5.567673124649299e-13,True
158,0.13814471994362507,3.4742854842514685e-13,True
159,0.11636517150830014,5.845037485987725e-13,True
160,0.07255002924893922,8.758822244686267e-13,True
161,0.09295104844893669,5.071547152295126e-13,True
162,0.07659294010054256,5.493522039367602e-13,True
163,0.0729729820743859,4.968962359587387e-13,True
164,0.07494107688933122,3.86443947511551e-13,True
165,0.03372385537181036,1.6516147993254473e-13,True
166,0.04575716846611904,2.1309735316326408e-13,True
167,0.04248293516138994,2.2307379667750623e-13,True
168,0.04207975543310994,1.8036081838146861e-13,True
169,0.036713611438719186,1.725802379743687e-13,True
170,0.06370282272241835,6.867261646010375e-11,True
171,0.05272400257856009,6.867261646010375e-11,True
172,0.07174747600170722,5.2129411801594444e-11,True
173,0.07604641554794624,7.503569066583571e-11,True
174,0.05582879589603538,5.2129411801594444e-11,True
175,0.13895334762124215,1.4101823423757465e-13,True
176,0.1391335610689836,2.1557496876649694e-13,True
177,0.14944071881308754,2.1557496876649694e-13,True
178,0.17091845582849768,1.9412575695293825e-13,True
179,0.13276896483835945,2.35036353293617e-13,True
180,0.03585370205689985,2.528736238086844e-12,True
181,0.03188699107730335,2.528736238086844e-12,True
182,0.03318696135315566,2.5842747443715838e-12,True
183,0.033037064301556215,2.181207326073482e-12,True
184,0.032620854363937454,4.155469763553657e-12,True
185,0.0462305096342013,7.337493026900698e-12,True
186,0.054448779247890274,1.0136654954001098e-11,True
187,0.04889213937678951,8.173620749139506e-12,True
188,0.04774671851590228,1.110886414228416e-11,True
189,0.04948208844607919,9.707904176397973e-12,True
190,0.10013259347526499,1.4101823423757465e-13,True
191,0.1267267885412097,1.4101823423757465e-13,True
192,0.11238753725154525,1.367121629552048e-13,True
193,0.10668493782714919,1.4101823423757465e-13,True
194,0.10311846904174693,1.2509586763512172e-13,True
195,0.02662089509635755,9.617449052893185e-06,True
196,0.012773312662109371,0.0017800800945686414,True
197,0.023298749120657186,6.422823368384788e-06,True
198,0.019130622298354237,0.00011917720690256252,True
199,0.02641916296441996,7.796543473930577e-06,True
200,0.17132617952833193,3.037037159378199e-15,True
201,0.195041427198491,3.037037159378199e-15,True
202,0.19311566387912074,3.037037159378199e-15,True
203,0.16321615758893454,3.037037159378199e-15,True
204,0.18230147510538117,3.037037159378199e-15,True
205,0.10215508106593937,2.0972216211804746e-13,True
206,0.10623334470140179,2.1557496876649694e-13,True
207,0.11372727039112737,1.973726249563545e-13,True
208,0.09735512397621536,2.506884264070484e-13,True
209,0.10875568586524353,1.9707896720618271e-13,True
210,0.1257697265514367,3.4742854842514685e-13,True
211,0.11042209672133825,2.744022474034233e-13,True
212,0.10535275172214327,2.8770307414748166e-13,True
213,0.11888317004834889,3.158201521047339e-13,True
214,0.10012093330477206,3.099294456563889e-13,True
215,0.11959411725024252,3.037037159378199e-15,True
216,0.12618427869310647,3.037037159378199e-15,True
217,0.12396207690638184,3.037037159378199e-15,True
218,0.14534258028236582,3.037037159378199e-15,True
219,0.1305655782063797,3.037037159378199e-15,True
220,0.11957078505736257,1.4101823423757465e-13,True
221,0.14584363626240957,1.4101823423757465e-13,True
222,0.11519417995882489,1.3400183309621415e-13,True
223,0.12593068477315653,1.1681527123533425e-13,True
224,0.1340558140002177,1.3816247110205197e-13,True
225,0.09680578185009789,4.073516049084594e-14,True
226,0.10339705756362823,4.330153466175195e-14,True
227,0.12463292410077428,3.1583055321091205e-14,True
228,0.13525248043379567,3.1583055321091205e-14,True
229,0.10566172739548849,4.330153466175195e-14,True
230,0.11593701034218051,3.9832207800467794e-13,True
231,0.12768152822465237,8.630716762940367e-13,True
232,0.11704895420631774,4.400533278398762e-13,True
233,0.12497797291736118,6.412536543164361e-13,True
234,0.13525293773035174,5.201349625125807e-13,True
235,0.03605422357736639,3.063037149208076e-06,True
236,0.03623539933773932,4.6155395809109687e-07,True
237,0.03202028149864693,3.4104326442361878e-06,True
238,0.03258358167865087,3.5243637238674633e-06,True
239,0.03960676139451774,2.1799197132183464e-08,True
