EdgeID,p_emp,p_fdr,G_real,G_null_mean,G_null_std
0,0.5148514851485149,0.9192744091927442,0.15278019102539225,0.16077172186227423,0.03650768087607841
1,0.6039603960396039,0.9291698400609291,0.13973749968381655,0.15842993312127865,0.03496415036487098
2,0.7722772277227723,0.9553945085230172,0.12607840219551147,0.16131116726722852,0.03723012324702594
3,0.12871287128712872,0.7920792079207921,0.20469569922866465,0.15929041956121925,0.037023764901178674
4,0.45544554455445546,0.9192744091927442,0.15071315989990325,0.1532685908388409,0.034687696912402914
5,0.22772277227722773,0.8729036168923014,0.2121470355259853,0.1871094166152435,0.038459330335833944
6,0.3465346534653465,0.8729036168923014,0.19773921551908355,0.19377460232998875,0.04501230723760093
7,0.009900990099009901,0.7920792079207921,0.32303808138809725,0.1905616127678791,0.03188601411347265
8,0.48514851485148514,0.9192744091927442,0.17857114943427962,0.18545136351634856,0.04169807192030773
9,0.31683168316831684,0.8729036168923014,0.2077808055060954,0.19260616502736455,0.03752494410190618
10,0.8118811881188119,0.9636355340603184,0.141331325636547,0.1716661175219781,0.03374305020474302
11,0.7029702970297029,0.9429514380009429,0.15435404322769852,0.17601707201570668,0.03332655227727685
12,0.6138613861386139,0.9383868323138046,0.16156574589641326,0.17838901336499174,0.03080584511246196
13,0.8811881188118812,0.9701153601598692,0.13606117287214853,0.17506859846102743,0.03591503463474906
14,0.9504950495049505,0.9790506947690477,0.12885118412406965,0.17336565283729616,0.032285723352489935
15,0.1485148514851485,0.7920792079207921,0.06543108536637418,0.03033987872188181,0.025399435771155655
16,0.8514851485148515,0.9636355340603184,0.013315227374264708,0.030476504769188596,0.024399753850294807
17,0.5346534653465347,0.9231426739796281,0.019896418188346116,0.03141865398063669,0.02344479137972272
18,0.22772277227722773,0.8729036168923014,0.0306802004055073,0.02627562886508271,0.01787997695247319
19,0.43564356435643564,0.9192744091927442,0.0202519501968631,0.029018149139096804,0.022086441519993942
20,0.594059405940594,0.9258068664009257,0.12582978257639427,0.13617585401536972,0.02907270475350885
21,0.2079207920792079,0.8729036168923014,0.1681321182918627,0.14061179291661027,0.038739793728486314
22,0.7425742574257426,0.9429514380009429,0.11531409000992643,0.1384425268184157,0.032404460317414834
23,0.43564356435643564,0.9192744091927442,0.13902615544577743,0.13911125857563358,0.030076505069148142
24,0.38613861386138615,0.917557102244878,0.14187286589580636,0.14117912228685836,0.03518900129394431
25,0.8514851485148515,0.9636355340603184,0.020784878890901026,0.038896358400679835,0.02420999940234264
26,0.1485148514851485,0.7920792079207921,0.0637543469965917,0.03612095113577554,0.022598629192180412
27,0.16831683168316833,0.7920792079207921,0.06847508167714228,0.041461822312885394,0.023702681537264698
28,0.21782178217821782,0.8729036168923014,0.05104833162165112,0.03887960874774634,0.023677514881640046
29,0.3564356435643564,0.8729036168923014,0.036890017752058184,0.04007539304974372,0.02515197470043396
30,0.9702970297029703,0.9867427420708172,0.18357744073496157,0.24682784747279612,0.04558056575555913
31,0.3069306930693069,0.8729036168923014,0.2626395186278063,0.24088282191663157,0.04355158045436398
32,0.16831683168316833,0.7920792079207921,0.2957403865673972,0.24811171955800806,0.04088488428595659
33,0.04950495049504951,0.7920792079207921,0.3137842232578037,0.23774762072731867,0.036543465312941115
34,0.7029702970297029,0.9429514380009429,0.21824904061375777,0.24819189094571922,0.04791941360231146
35,0.19801980198019803,0.8486562942008486,0.22132566524910213,0.1882285156085254,0.04020208578733704
36,0.7920792079207921,0.9636355340603184,0.1486604750777602,0.1824026381841224,0.03468407857253037
37,0.32673267326732675,0.8729036168923014,0.2034485220314335,0.18691865641364688,0.0409026794658882
38,0.48514851485148514,0.9192744091927442,0.18672119896776934,0.18703412057859822,0.03872918313259036
39,0.5247524752475248,0.9192744091927442,0.18869609283856462,0.19432723256256915,0.04201541071488274
40,0.8712871287128713,0.9636355340603184,0.36190270612001957,0.4164341621775501,0.05364727037222429
41,0.9306930693069307,0.9790506947690477,0.36273068933121644,0.42707186160736216,0.051262643305566326
42,1.0,1.0,0.28913612934236277,0.41037219532708313,0.05456164807424887
43,0.45544554455445546,0.9192744091927442,0.41526966778492924,0.41497441587884154,0.04989635074240393
44,0.16831683168316833,0.7920792079207921,0.464755945766237,0.4174305684477059,0.04768005090149097
45,0.7524752475247525,0.9504950495049506,0.26650971536210527,0.3021836932308256,0.0511184671596272
46,0.33663366336633666,0.8729036168923014,0.32283481056939645,0.30686270942637695,0.04750759696350917
47,0.8910891089108911,0.9720972097209721,0.24604421954907346,0.3042902987632504,0.049964249211841935
48,0.42574257425742573,0.9192744091927442,0.3212020160238829,0.3104395981375838,0.052060649167464
49,0.26732673267326734,0.8729036168923014,0.33420758100886677,0.3044245559971232,0.056380156137789746
50,0.7722772277227723,0.9553945085230172,0.3118519949242561,0.3444711079398338,0.04972802473848158
51,0.6336633663366337,0.9387605427209387,0.3213553649762126,0.33855364664519827,0.04927879992157775
52,0.6435643564356436,0.941801497222893,0.3153707028793039,0.3361754664405742,0.05036615219987788
53,0.8217821782178217,0.9636355340603184,0.2930696429126123,0.3399943104235143,0.048019874879595206
54,0.9306930693069307,0.9790506947690477,0.28147442350219065,0.345649804968982,0.04461960254793569
55,0.8217821782178217,0.9636355340603184,0.15711556131518023,0.1933626383593562,0.039797551765165334
56,0.1782178217821782,0.8225437928408225,0.2299017719257157,0.19616055726290654,0.037338540898477955
57,0.7425742574257426,0.9429514380009429,0.1750600207569467,0.2085512937372663,0.04355387954719208
58,0.6039603960396039,0.9291698400609291,0.1814650777012274,0.19879097662893228,0.0443829985701577
59,0.9108910891089109,0.9790506947690477,0.1533974868367305,0.1960822513441053,0.037934719457297914
60,0.297029702970297,0.8729036168923014,0.23646869456296044,0.21534650023395802,0.044049010790584146
61,0.27722772277227725,0.8729036168923014,0.24426260228278635,0.21345834268797265,0.042607323715034756
62,0.7128712871287128,0.9429514380009429,0.19250373065769055,0.218164365468755,0.037873135147782434
63,0.7029702970297029,0.9429514380009429,0.18590752411129635,0.21038058762114464,0.03684748918659553
64,0.1485148514851485,0.7920792079207921,0.2542179736660839,0.21292693080727385,0.04417470284275974
65,0.039603960396039604,0.7920792079207921,0.23826577170540678,0.16231384970951346,0.037245464869546066
66,0.0891089108910891,0.7920792079207921,0.22115902056841336,0.16587148192230877,0.0383552041477431
67,0.594059405940594,0.9258068664009257,0.15734968336652433,0.1681216777510905,0.03702661800494725
68,0.5445544554455446,0.9258068664009257,0.1526114395858112,0.16348331345397515,0.03899534729358209
69,0.8118811881188119,0.9636355340603184,0.13252462982395763,0.16570309231915228,0.037001897966912306
70,0.3564356435643564,0.8729036168923014,0.118459007001159,0.11072932517611836,0.03351905588634896
71,0.27722772277227725,0.8729036168923014,0.13462970704413302,0.11878455318778734,0.036635408243480654
72,0.297029702970297,0.8729036168923014,0.13116787084637965,0.11594441234208473,0.03361662791450089
73,0.594059405940594,0.9258068664009257,0.10046326914676239,0.11440936391641238,0.03281196420518525
74,0.49504950495049505,0.9192744091927442,0.1048118370386497,0.1114406551099594,0.033335641409710126
75,0.16831683168316833,0.7920792079207921,0.08688056957051463,0.05569487941441761,0.03055299638427546
76,0.13861386138613863,0.7920792079207921,0.07741862291411292,0.04801933523570076,0.025477017454446423
77,0.13861386138613863,0.7920792079207921,0.08114011266273666,0.04761463352662267,0.02407627898541926
78,0.9702970297029703,0.9867427420708172,0.025829858138357885,0.05268998503958421,0.029414424100314366
79,0.13861386138613863,0.7920792079207921,0.08719835770853768,0.049640059502444524,0.02815463996292006
80,0.06930693069306931,0.7920792079207921,0.5016136028621354,0.4048867225580787,0.06037557168996106
81,0.6831683168316832,0.9429514380009429,0.38093331601245184,0.4030129070686548,0.05601286007063864
82,0.6336633663366337,0.9387605427209387,0.3857870371628673,0.39843235844656205,0.0488622517365826
83,0.38613861386138615,0.917557102244878,0.4000575176166859,0.391441799547805,0.05174802921753643
84,0.801980198019802,0.9636355340603184,0.35107359821261486,0.39469922549507586,0.05289247504176767
85,0.32673267326732675,0.8729036168923014,0.13161663333147502,0.11754691007723544,0.034257925978126255
86,0.5247524752475248,0.9192744091927442,0.09855075842232833,0.11181882779066368,0.03364421515941199
87,0.5247524752475248,0.9192744091927442,0.10746723011804096,0.11897623917476985,0.03413967887581449
88,0.9504950495049505,0.9790506947690477,0.0784613757842287,0.11364381132946359,0.028339876798614147
89,0.0594059405940594,0.7920792079207921,0.17230128498675512,0.11331744747731207,0.03041532466489769
90,0.16831683168316833,0.7920792079207921,0.3757705493897692,0.3335440693709316,0.04366702936056487
91,0.33663366336633666,0.8729036168923014,0.34772471953667006,0.32864827250442485,0.04781314702180737
92,0.8712871287128713,0.9636355340603184,0.27124497426184024,0.32789689968604996,0.04366355009828699
93,0.9405940594059405,0.9790506947690477,0.26555627063593157,0.3290603631279812,0.04816654956660806
94,0.9504950495049505,0.9790506947690477,0.2666736176160233,0.32245815880171863,0.045454268758977144
95,0.9900990099009901,0.9942416835825841,0.06484041754601863,0.10932479463449535,0.0322986791689891
96,0.48514851485148514,0.9192744091927442,0.09165112420328621,0.10223423329728897,0.03273216640456962
97,0.7326732673267327,0.9429514380009429,0.08560601985340222,0.1105643098707151,0.034045537329426244
98,0.2871287128712871,0.8729036168923014,0.13003214220158388,0.10775880786381785,0.031320305983035694
99,0.900990099009901,0.9784507862550962,0.07321442418857585,0.10138340834385108,0.028127732909337073
100,0.0297029702970297,0.7920792079207921,0.17444145615674594,0.11706487917887261,0.027114974905068628
101,0.15841584158415842,0.7920792079207921,0.163018950522687,0.125116614776371,0.03561000231512234
102,0.07920792079207921,0.7920792079207921,0.16626109861822141,0.1217828140201382,0.030927577026096255
103,0.25742574257425743,0.8729036168923014,0.14734033146091954,0.125458197553893,0.03531223655438566
104,0.3465346534653465,0.8729036168923014,0.1276482696581852,0.11999754448517706,0.031858882067106895
105,0.5148514851485149,0.9192744091927442,0.05667982205852599,0.06804464487730373,0.026744758089315198
106,0.8613861386138614,0.9636355340603184,0.04507016697696107,0.06597298031812959,0.02566556604001011
107,0.06930693069306931,0.7920792079207921,0.12044057061913853,0.06683570859665847,0.028606983578263266
108,0.019801980198019802,0.7920792079207921,0.15345804263779567,0.06968323287372673,0.028279455275710182
109,0.13861386138613863,0.7920792079207921,0.10344705375013147,0.07022132909183766,0.02792550689390153
110,0.07920792079207921,0.7920792079207921,0.07968238708895183,0.03422148589633267,0.024028859680323332
111,0.5742574257425742,0.9258068664009257,0.0204684863691926,0.02860492642927376,0.01796529725826202
112,0.594059405940594,0.9258068664009257,0.020862336257386073,0.03701680678332859,0.025571336611651795
113,0.8613861386138614,0.9636355340603184,0.015625463439537995,0.03190923127948152,0.021620118859371033
114,0.0297029702970297,0.7920792079207921,0.09559646807167593,0.03373195417385352,0.023923116658269822
115,0.7425742574257426,0.9429514380009429,0.02311953602412986,0.04601741347262176,0.03288538729996404
116,0.5247524752475248,0.9192744091927442,0.025962919319310503,0.0403605707376228,0.025434838656888267
117,0.9900990099009901,0.9942416835825841,0.01631188887887368,0.045781623432203065,0.029671098217018334
118,0.5247524752475248,0.9192744091927442,0.03146809549707029,0.04607635129455126,0.028467837568695347
119,0.5346534653465347,0.9231426739796281,0.02813396486327039,0.03985100288504947,0.026219841246289455
120,0.42574257425742573,0.9192744091927442,0.44214662125990817,0.433104257521537,0.060492557166853186
121,0.9207920792079208,0.9790506947690477,0.3568451444413441,0.4244751200654552,0.04781579067952229
122,0.46534653465346537,0.9192744091927442,0.447362285568936,0.4395687536580104,0.059499668400084006
123,0.31683168316831684,0.8729036168923014,0.450229141259046,0.42216427494743675,0.056919861948297484
124,0.0594059405940594,0.7920792079207921,0.527508049305884,0.4280061262244283,0.055017018284001164
125,0.5841584158415841,0.9258068664009257,0.18340286255683952,0.19794701723691982,0.038845675260640034
126,0.7128712871287128,0.9429514380009429,0.17384947101919399,0.1946461023792159,0.032107226715218345
127,0.24752475247524752,0.8729036168923014,0.21204507334028755,0.1893183227274368,0.03545262551077351
128,0.9504950495049505,0.9790506947690477,0.14287218672167876,0.19468519352646269,0.03359789744510758
129,0.7920792079207921,0.9636355340603184,0.16450144268532968,0.19046865420287418,0.03126610783299107
130,0.6732673267326733,0.9429514380009429,0.12182471326649319,0.14165448421652235,0.038703502599011466
131,0.5247524752475248,0.9192744091927442,0.15719446770638906,0.1611100459211191,0.04117357997330169
132,0.3564356435643564,0.8729036168923014,0.16215916225330576,0.15519495092856309,0.04169887676662323
133,0.44554455445544555,0.9192744091927442,0.1473458579328397,0.14674799227644075,0.03821382681586571
134,0.44554455445544555,0.9192744091927442,0.14456697728071344,0.14464607920528708,0.037263178822632845
135,0.18811881188118812,0.8360836083608361,0.2428101982325894,0.20543018810022765,0.04043600094604296
136,0.7128712871287128,0.9429514380009429,0.18382402645122956,0.20576481359687274,0.03593892620780632
137,0.9405940594059405,0.9790506947690477,0.15612125299253382,0.20757542792971898,0.03719955365398067
138,0.39603960396039606,0.9192744091927442,0.2249600243225253,0.21552227952912986,0.04313808040043118
139,0.7425742574257426,0.9429514380009429,0.18492185075263445,0.20781247700804809,0.03259620999767719
140,0.1188118811881188,0.7920792079207921,0.4251705076145212,0.36505314862955857,0.05148310269104308
141,0.06930693069306931,0.7920792079207921,0.44980255340852493,0.36339113668508594,0.04760768591829505
142,0.46534653465346537,0.9192744091927442,0.3714417039390952,0.36601684037204557,0.05514456526325309
143,0.7128712871287128,0.9429514380009429,0.34895718461923575,0.37211098941124016,0.04997175841926381
144,0.19801980198019803,0.8486562942008486,0.4152324592025511,0.3689475460940483,0.047520753112742835
145,0.504950495049505,0.9192744091927442,0.4800797736123491,0.47896936813780416,0.0627890559801578
146,0.039603960396039604,0.7920792079207921,0.5714033736620785,0.47781453467587043,0.06008731740534739
147,0.8712871287128713,0.9636355340603184,0.39667946632004225,0.4648910738405292,0.060955121629462365
148,0.04950495049504951,0.7920792079207921,0.5769185020475076,0.4725279315881102,0.06083598225508012
149,0.5742574257425742,0.9258068664009257,0.4718726144616473,0.481998661325389,0.056167276382721225
150,0.0594059405940594,0.7920792079207921,0.4458119037727376,0.3703707038806007,0.05057485205635189
151,0.15841584158415842,0.7920792079207921,0.4148154686548673,0.3646848614887356,0.04367304051613348
152,0.9603960396039604,0.985021579080985,0.2794546804090341,0.36162806857322016,0.04307582881492844
153,0.5841584158415841,0.9258068664009257,0.35487846994059535,0.36577856740945514,0.05125333374693881
154,0.7623762376237624,0.9553945085230172,0.3160924148546057,0.36068145796912005,0.05448101320211433
155,0.3564356435643564,0.8729036168923014,0.2749950206495867,0.2659228634137504,0.03558662872477562
156,0.7326732673267327,0.9429514380009429,0.2510297016563523,0.28283944000399003,0.046306720607098055
157,0.10891089108910891,0.7920792079207921,0.33258900117015855,0.2714199555890328,0.03981236333844509
158,0.24752475247524752,0.8729036168923014,0.30092845428647974,0.27270869745294385,0.04100945856159691
159,0.2871287128712871,0.8729036168923014,0.2974574706304264,0.2736214583958888,0.04207737418107515
160,0.3564356435643564,0.8729036168923014,0.10030775080560866,0.09533834927963523,0.03103104125213999
161,0.7326732673267327,0.9429514380009429,0.0734644832182609,0.09494100329417846,0.02703561642096829
162,0.7128712871287128,0.9429514380009429,0.07337643771609882,0.09488559721971651,0.030495029948875003
163,0.594059405940594,0.9258068664009257,0.0786447125398333,0.09443556934654618,0.028413645713212747
164,0.5643564356435643,0.9258068664009257,0.084284092547381,0.09604615632831612,0.027612268169985583
165,0.18811881188118812,0.8360836083608361,0.1274598748906624,0.0966030492143482,0.03032906923171551
166,0.7029702970297029,0.9429514380009429,0.07580376341775186,0.09825953220215737,0.03278970915404127
167,0.33663366336633666,0.8729036168923014,0.11387517253179427,0.10137384744834192,0.03427295949864943
168,0.16831683168316833,0.7920792079207921,0.13052437986967522,0.09682678594569938,0.03283734829841049
169,0.5544554455445545,0.9258068664009257,0.08891396477990732,0.10330165085971675,0.03490754000741662
170,0.04950495049504951,0.7920792079207921,0.19231078101487672,0.14029697333701088,0.0289033836501561
171,0.5148514851485149,0.9192744091927442,0.13596834264170748,0.1419597501650051,0.03091255968269819
172,0.3465346534653465,0.8729036168923014,0.15165808731636204,0.13959037808621105,0.03310573907111043
173,0.7821782178217822,0.9626808834729628,0.11227488049143135,0.14183711693203313,0.03540170216420759
174,0.8910891089108911,0.9720972097209721,0.10216746732633233,0.13568624061199747,0.03412735561174337
175,0.25742574257425743,0.8729036168923014,0.06677532329127031,0.04224600941079898,0.03319836930359843
176,0.48514851485148514,0.9192744091927442,0.03043602775717541,0.038981745689763335,0.024515008518878095
177,0.8217821782178217,0.9636355340603184,0.017781424794311336,0.03543395790142558,0.023975362104561308
178,0.6435643564356436,0.941801497222893,0.020769202603132177,0.038527647609037145,0.027645226933745774
179,0.594059405940594,0.9258068664009257,0.021095048871732316,0.03315162327280407,0.021848896611676584
180,0.1188118811881188,0.7920792079207921,0.129426810527616,0.08869351109243637,0.030893341224143334
181,0.43564356435643564,0.9192744091927442,0.08958913261817023,0.09376845158856256,0.03064971090680521
182,0.4752475247524752,0.9192744091927442,0.08846589423295372,0.09390703995142563,0.03132861886413577
183,0.5247524752475248,0.9192744091927442,0.08199809258037746,0.09180654180063233,0.029806707584115077
184,0.8613861386138614,0.9636355340603184,0.06564781359069694,0.09098216156639698,0.033742485242826394
185,0.8415841584158416,0.9636355340603184,0.028421903513028902,0.048356317492672746,0.02679258761123984
186,0.39603960396039606,0.9192744091927442,0.04562170740997416,0.046876187947008284,0.02258642996120748
187,0.40594059405940597,0.9192744091927442,0.04302316400689228,0.04926401336237166,0.028017741972034806
188,0.039603960396039604,0.7920792079207921,0.09361754728062702,0.04496269432072593,0.02134935433228302
189,0.297029702970297,0.8729036168923014,0.04798376329700044,0.049846742655542176,0.02945743914706583
190,0.49504950495049505,0.9192744091927442,0.010408130066081607,0.019961252389062767,0.021932590574012093
191,0.09900990099009901,0.7920792079207921,0.05402642666159225,0.018725772754624136,0.02154844320831336
192,0.38613861386138615,0.917557102244878,0.0144459123437915,0.021726125674220227,0.022507239626459813
193,0.9801980198019802,0.9926055896728913,0.0031258735101709345,0.02259064431410713,0.02692386772487522
194,0.6534653465346535,0.9429514380009429,0.005578865712744074,0.01855848143077358,0.020781055660763385
195,0.12871287128712872,0.7920792079207921,0.06903444520128663,0.035916985573674266,0.03441609495750373
196,0.3069306930693069,0.8729036168923014,0.02747652304981111,0.028897379237534434,0.03718140551175112
197,0.8415841584158416,0.9636355340603184,0.00530811143490089,0.0305272257078309,0.031983420016228226
198,0.8316831683168316,0.9636355340603184,0.007453967012978714,0.03142725930606938,0.02753874473757753
199,0.9306930693069307,0.9790506947690477,0.0028766040601289136,0.03197786055511927,0.03061351375511726
200,0.16831683168316833,0.7920792079207921,0.05593728381879808,0.030476831120764204,0.02102576128263102
201,0.8712871287128713,0.9636355340603184,0.014311755234431213,0.029218412182104827,0.020443145996172616
202,0.019801980198019802,0.7920792079207921,0.09980307868788023,0.02655574907371262,0.01990714784162962
203,0.6534653465346535,0.9429514380009429,0.017433203700017094,0.0318952029913129,0.024336024981011117
204,0.2376237623762376,0.8729036168923014,0.043507231851554314,0.03256366764076247,0.0235377113611747
205,0.7425742574257426,0.9429514380009429,0.43241403732183276,0.4915733591270684,0.072253679794468
206,0.6336633663366337,0.9387605427209387,0.4624959958741184,0.4954530219618163,0.068208460005253
207,0.12871287128712872,0.7920792079207921,0.5824572727294366,0.4880223806962606,0.06422460179833728
208,0.8118811881188119,0.9636355340603184,0.4332791473158567,0.48400810596004695,0.06321245538440413
209,0.16831683168316833,0.7920792079207921,0.5555777585396175,0.4932261534652178,0.062425718740100646
210,0.3069306930693069,0.8729036168923014,0.5408499141943142,0.5105343456953426,0.06355068539642005
211,0.0891089108910891,0.7920792079207921,0.5818821317930079,0.5082067227824705,0.058951143143006667
212,0.7029702970297029,0.9429514380009429,0.48750250221181235,0.5075816111199518,0.05596471700967017
213,0.7722772277227723,0.9553945085230172,0.45643028938202623,0.5077546182422774,0.06960200953415409
214,0.1188118811881188,0.7920792079207921,0.5595013362527643,0.505142794979392,0.054020449471182334
215,0.07920792079207921,0.7920792079207921,0.5784166539785628,0.48199715567030454,0.06487123411278901
216,0.6237623762376238,0.9387605427209387,0.46099826052220155,0.48044681100991354,0.0687861319361537
217,0.4752475247524752,0.9192744091927442,0.49323344818814946,0.4894705902027465,0.05587783935764338
218,0.33663366336633666,0.8729036168923014,0.5156467057981732,0.4869919430586824,0.07131567959237085
219,0.6336633663366337,0.9387605427209387,0.4619596823322596,0.49470087678208335,0.07269076031145366
220,0.9405940594059405,0.9790506947690477,0.3780713097902166,0.46289023546186947,0.06149835894736366
221,0.31683168316831684,0.8729036168923014,0.4906336155245352,0.456876824584737,0.0702296745489745
222,0.04950495049504951,0.7920792079207921,0.556368858020772,0.46232514661841506,0.05540443353045258
223,0.0891089108910891,0.7920792079207921,0.5283342374442541,0.4567270237596005,0.054130414898775306
224,0.1188118811881188,0.7920792079207921,0.5359724866508753,0.4606429062681802,0.05973604044577062
225,0.49504950495049505,0.9192744091927442,0.49161862690812264,0.4945885884190239,0.05899856370263666
226,0.7227722772277227,0.9429514380009429,0.4549449377055603,0.4940058211892601,0.06337955068271946
227,0.594059405940594,0.9258068664009257,0.4738728991417595,0.489829463732286,0.0691129527583365
228,0.3465346534653465,0.8729036168923014,0.521156294504344,0.4980963964346742,0.05528477570706995
229,0.8712871287128713,0.9636355340603184,0.4278970799646379,0.49444879677087605,0.06295318979380102
230,0.06930693069306931,0.7920792079207921,0.16840295375957892,0.11543508117874443,0.03142640377447194
231,0.2376237623762376,0.8729036168923014,0.14293595660938943,0.1188238164461594,0.03165653921029743
232,0.3564356435643564,0.8729036168923014,0.12144003980371033,0.11698776648777752,0.03765408619713167
233,0.5742574257425742,0.9258068664009257,0.10472822277298288,0.11813367838012664,0.032683456925197384
234,0.31683168316831684,0.8729036168923014,0.13485438917588458,0.11924781296018767,0.03829626268844125
235,0.693069306930693,0.9429514380009429,0.006740690500854844,0.024592870281762238,0.025341504290101857
236,0.7425742574257426,0.9429514380009429,0.00792746357713247,0.03565789403060393,0.03492667955521432
237,0.42574257425742573,0.9192744091927442,0.028615985481127475,0.029767086332558677,0.0278180320508163
238,0.297029702970297,0.8729036168923014,0.037499649356868184,0.028617268201635508,0.02955013350750766
239,0.504950495049505,0.9192744091927442,0.010830615954202205,0.023740451556462296,0.025417017109076262
