EdgeID,Real_Gref,Null_Gref,mean_dG_diff,median_dG_diff,std_dG_diff,cohens_dz,diff_p2.5,diff_p97.5,consistency,fold_consistency,p_perm,p_fdr,Significant
0,0.48433183431625365,0.5216137826442718,0.004182234816253186,0.0013319700956344604,0.07956118966111994,0.05256626797647001,-0.15864088628441095,0.191394208371639,0.51,3,0.3119376124775045,0.6805911544963735,False
1,0.5977487862110138,0.5544621825218201,0.0018022087961435318,-6.29127025604248e-05,0.0786946353216857,0.02290129166717037,-0.17496880069375037,0.185351843573153,0.43,2,0.42071585682863427,0.8077744451109777,False
2,0.49763104915618894,0.553068482875824,0.012056358829140664,0.008041366934776306,0.06513743419700924,0.18509109205431717,-0.1311764068901539,0.13812020197510702,0.54,4,0.03259348130373925,0.23007163273227707,False
3,0.4478592097759247,0.5803998410701752,0.012446316406130791,0.015917450189590454,0.06099139703771699,0.20406675384782558,-0.1404137449339032,0.10538422837853428,0.66,5,0.022595480903819236,0.1869970833419523,False
4,0.5978393971920013,0.4747891902923584,-0.014667130783200264,-0.009739622473716736,0.11212562951961251,-0.13080979652947905,-0.2657384619116783,0.20919934511184687,0.36,1,1.0,1.0,False
5,0.39138866662979127,0.4112667918205261,0.012312855049967765,0.004176422953605652,0.05552667078566193,0.22174668273371767,-0.08809506054967642,0.17366434447467322,0.56,3,0.014397120575884824,0.15023082340053728,False
6,0.38771955370903016,0.3908476769924164,0.004845701158046722,0.0,0.036412223250247136,0.13307896979385442,-0.06726448088884354,0.09763382896780959,0.49,3,0.09618076384723055,0.3784161200546776,False
7,0.39818074703216555,0.4399501621723175,-0.0008891774713993073,0.00226747989654541,0.054350900647133125,-0.01635993996074119,-0.11913680881261826,0.0941305644810199,0.54,3,1.0,1.0,False
8,0.38203219175338743,0.43146966099739076,0.006528288312256336,0.0006617903709411621,0.04312211396188506,0.15139073000981781,-0.0719939611852169,0.1209439672529696,0.53,4,0.06758648270345931,0.31805403625157325,False
9,0.4006859302520752,0.38363089561462405,-0.005312887653708458,-0.0011291950941085815,0.041495256521091116,-0.12803602385270313,-0.11251690089702607,0.07306786142289637,0.38,1,1.0,1.0,False
10,0.5023539543151856,0.5183004319667817,0.01348660610616207,0.0,0.08846772451527712,0.15244662593116798,-0.15988676147535444,0.19683592393994326,0.47,3,0.07098580283943211,0.327045701970717,False
11,0.5087171375751496,0.5377575397491455,0.0015107877179980278,-0.0030524134635925293,0.04176232701852518,0.036175850960792094,-0.07253693137317896,0.10906186252832409,0.38,2,0.3685262947410518,0.7758448310337933,False
12,0.5299132466316223,0.4600972831249237,-0.015332329981029034,-0.012612968683242798,0.05457335330829394,-0.2809490172688153,-0.12806926667690277,0.10429296959191557,0.34,1,1.0,1.0,False
13,0.4444130301475525,0.5215333104133606,0.0067713865637779235,0.0,0.07390137400004275,0.09162734327204805,-0.1411294111981988,0.14250824302434917,0.44,3,0.17636472705458908,0.5319911627430611,False
14,0.48432672023773193,0.4651301920413971,0.003045216277241707,0.0,0.06896778852412132,0.04415418186385155,-0.14109408296644688,0.18063318133354186,0.45,2,0.32793441311737653,0.7090473797132465,False
15,0.723524010181427,0.6516085386276245,-0.013243806734681129,0.0,0.0559396625729073,-0.2367516378458702,-0.16002689227461814,0.05934798270463942,0.47,2,1.0,1.0,False
16,0.7214112401008606,0.572549170255661,-0.02997566871345043,-0.020868510007858276,0.07182278545228973,-0.4173559758882172,-0.19076901227235793,0.1519708730280397,0.21,1,1.0,1.0,False
17,0.7632785558700561,0.6748299181461335,-0.019152435213327407,0.0009022653102874756,0.07187993411427265,-0.26645037240684466,-0.18626102134585382,0.07853123694658252,0.52,3,1.0,1.0,False
18,0.6080987334251404,0.5636827051639557,-0.004521579667925835,0.0,0.022397960826315313,-0.20187461273766677,-0.05741939879953861,0.027935384213924382,0.44,2,1.0,1.0,False
19,0.7492387890815735,0.6471675634384155,-0.01922802872955799,-0.015364497900009155,0.039782850306821674,-0.4833245627516264,-0.10258726701140404,0.06547342557460044,0.26,1,1.0,1.0,False
20,0.5385645627975464,0.4400653541088104,-0.03096533231437206,-0.020978927612304688,0.09759839671904075,-0.3172729609843165,-0.22381496317684652,0.16688761878758618,0.32,1,1.0,1.0,False
21,0.4882428884506226,0.5286118984222412,0.022537832744419575,0.0007345676422119141,0.06031917110160329,0.373642945233054,-0.07019563987851143,0.16263671219348902,0.51,4,0.0001999600079984003,0.011997600479904018,True
22,0.5076060354709625,0.4907634198665619,-0.0010051726549863815,-0.00038501620292663574,0.053798261547794504,-0.01868411034236457,-0.1007757917046547,0.13396024350076902,0.42,3,1.0,1.0,False
23,0.522341912984848,0.5338613569736481,-0.006404053121805191,0.0,0.04621861501962645,-0.1385600394794554,-0.10408014953136444,0.06539917644113301,0.46,3,1.0,1.0,False
24,0.4336984992027283,0.45227937698364257,0.0012278398126363754,0.0,0.08405512815418308,0.014607553870885043,-0.15704117165878415,0.19660837259143565,0.45,3,0.43951209758048393,0.8240851829634074,False
25,0.5845990300178527,0.5548357307910919,0.0014370252937078475,0.0,0.06824511396385226,0.02105682312244367,-0.12114305794239044,0.1602750843390821,0.45,2,0.41391721655668867,0.8011300965613328,False
26,0.6261148691177368,0.6320303440093994,0.001608540564775467,0.0,0.06868013314809367,0.023420754897300528,-0.12920454293489456,0.14486532434821103,0.44,2,0.40531893621275744,0.7973487269759163,False
27,0.636202871799469,0.6977136611938477,0.01650073952972889,0.004453316330909729,0.06359587591088828,0.25946241471459613,-0.07460821270942689,0.14829172603785987,0.51,3,0.00599880023995201,0.07998400319936014,False
28,0.6737950444221497,0.5689180135726929,-0.018682255521416665,-0.0007066577672958374,0.06832765626947512,-0.273421576875641,-0.2129913058131933,0.08024300672113882,0.39,1,1.0,1.0,False
29,0.5706493854522705,0.6164889454841613,0.008950844928622246,-1.1473894119262695e-05,0.08558554527571455,0.1045836057921583,-0.17026163656264542,0.17625419050455088,0.43,2,0.15336932613477305,0.49078184363127375,False
30,0.4839082956314087,0.4554893434047699,0.00044638559222221375,0.0,0.06689320664178082,0.006673107997537763,-0.13094198573380708,0.1484676782041788,0.48,4,0.46550689862027594,0.838399484282248,False
31,0.4410346865653992,0.4856091022491455,-0.008210739828646183,0.0,0.043028942776557375,-0.19081899992949586,-0.1300882797688246,0.06958834491670127,0.46,1,1.0,1.0,False
32,0.4818602681159973,0.4485402643680573,0.008234375528991223,0.0035713911056518555,0.05000788689893751,0.16466153720176835,-0.0905944986268878,0.13947386108338833,0.56,5,0.05338932213557288,0.2912144843758521,False
33,0.42593144774436953,0.5087230324745178,-0.0012660836055874824,0.0029467642307281494,0.050923613006537534,-0.02486240725741403,-0.12367217428982258,0.08830000609159462,0.53,3,1.0,1.0,False
34,0.43134984374046326,0.44803412556648253,-0.0030924275517463682,-0.0025939643383026123,0.03774004296308606,-0.08194022340597505,-0.0661868866533041,0.071941751986742,0.36,1,1.0,1.0,False
35,0.35357333421707154,0.3031602084636688,0.0033955586329102515,0.0014457553625106812,0.05074991035089974,0.06690767746055835,-0.10875300168991088,0.09824790824204666,0.52,3,0.2643471305738852,0.6483503299340132,False
36,0.37177456021308897,0.3024777114391327,0.003763440735638142,0.0,0.05984393469340717,0.06288758844014895,-0.12145978659391403,0.13583448221907002,0.46,2,0.2693461307738452,0.6483503299340132,False
37,0.35421754121780397,0.3596544623374939,0.005985827818512916,0.00045809149742126465,0.058395642186150724,0.10250470059789037,-0.07729846788570285,0.12699941424652889,0.51,4,0.16176764647070585,0.49774660452524877,False
38,0.42785250544548037,0.3021320402622223,0.013458392769098281,0.01056353747844696,0.06277721928105136,0.21438338497991669,-0.11791322231292724,0.1539216215722261,0.63,4,0.017196560687862426,0.15819058410540113,False
39,0.3266376584768295,0.3276121735572815,0.0021987549588084222,0.0002755969762802124,0.03683203336713664,0.05969681165553732,-0.07575879190117121,0.08387114126235237,0.5,4,0.28434313137372524,0.6625471022300394,False
40,0.2579249143600464,0.2594552248716354,0.002657563090324402,0.0,0.03181063630452978,0.08354322324404337,-0.06451597530394793,0.05838019289076313,0.49,2,0.20755848830233953,0.5670170313763334,False
41,0.28456783592700957,0.28267492949962614,-0.0012437179684638977,0.004332408308982849,0.04960326217205269,-0.025073309980097023,-0.11642710994929076,0.08788924776017654,0.56,3,1.0,1.0,False
42,0.27996836602687836,0.3267344355583191,-0.01241172719746828,-0.005845770239830017,0.06462718832240985,-0.19205117102648953,-0.12049387097358703,0.13456824794411648,0.4,1,1.0,1.0,False
43,0.2921949625015259,0.2518162250518799,0.009060432724654675,0.0126185342669487,0.045599866729732895,0.19869428080470505,-0.07257065251469612,0.08828282337635751,0.63,4,0.024795040991801638,0.1983603279344131,False
44,0.2703365653753281,0.2442900776863098,0.0027539924904704093,0.00036653876304626465,0.05507913633655868,0.0500006476797722,-0.1230313539505005,0.10787102738395332,0.51,2,0.3023395320935813,0.6781447448827991,False
45,0.2796064496040344,0.27703688144683836,-0.002792760655283928,-0.0024076104164123535,0.022534579421232992,-0.12393222891271163,-0.054430074617266656,0.03946744995191689,0.36,2,1.0,1.0,False
46,0.31308738589286805,0.29145264327526094,0.0065919535979628565,0.0017991811037063599,0.0392431559518799,0.16797715265423438,-0.08059325516223907,0.0924637200310826,0.54,3,0.04579084183163367,0.2680439521851727,False
47,0.35707072019577024,0.31872801184654237,0.005031707957386971,0.0,0.03720969294113869,0.13522573178302047,-0.05364211872220039,0.08628230225294808,0.47,2,0.09418116376724656,0.3767246550689862,False
48,0.2791416049003601,0.31951114535331726,-0.00604377668350935,0.0,0.04799339555985205,-0.12592934117304164,-0.12504644161090256,0.08518093377351751,0.45,2,1.0,1.0,False
49,0.29075447618961336,0.28047750890254974,-0.0010686540976166726,-0.0009911656379699707,0.0243830759274765,-0.04382769839191785,-0.050817522965371606,0.0665068551898001,0.35,3,1.0,1.0,False
50,0.29413255751132966,0.3138249933719635,-0.017143636159598828,0.0,0.0684811497475667,-0.25034095109082166,-0.15111169945448638,0.10353826954960817,0.45,2,1.0,1.0,False
51,0.28554481267929077,0.27260449528694153,0.0015089787542819978,0.001995369791984558,0.026250526952088953,0.05748375097521297,-0.0689484903588891,0.050368006527423834,0.62,3,0.28774245150969807,0.6640210419454571,False
52,0.3237606883049011,0.2919463306665421,0.010055331848561763,0.0002677813172340393,0.036247989644368594,0.2774038490745358,-0.07534018317237497,0.08808261565864077,0.54,3,0.004199160167966407,0.07358528294341132,False
53,0.2881525754928589,0.28310216069221494,1.20442733168602e-05,-5.542486906051636e-05,0.02433792057950776,0.000494876843628183,-0.04535753428936005,0.06327315960079413,0.43,4,0.4891021795640872,0.8444929719092152,False
54,0.29088498950004577,0.27434535324573517,0.002721418961882591,0.0017089545726776123,0.02172534504754075,0.12526470608072798,-0.048829689435660836,0.046181803755462075,0.55,2,0.10197960407918416,0.38849372982546343,False
55,0.3515825033187866,0.39047724604606626,0.0003811194747686386,0.0010003000497817993,0.059518551340400766,0.006403372833940893,-0.1418977502733469,0.12134591154754124,0.52,2,0.4813037392521496,0.8384410074506838,False
56,0.3671500086784363,0.3800996959209442,-0.0012890849635004997,-0.0005892068147659302,0.03763374722655695,-0.034253430989482574,-0.10142476707696914,0.09662254899740184,0.39,2,1.0,1.0,False
57,0.37115407884120943,0.3491302073001862,0.00020556669682264328,0.0,0.04569440072299191,0.0044987283686862955,-0.0887200515717268,0.09777131229639048,0.46,2,0.48210357928414316,0.8384410074506838,False
58,0.4084313094615936,0.4070002555847168,-0.0010263177007436752,-0.0031888410449028015,0.04675272865967703,-0.021952038526231447,-0.09872869122773409,0.11405329089611745,0.4,1,1.0,1.0,False
59,0.4285772114992142,0.37705157995224,0.009291841425001621,0.00341680645942688,0.061842583658195074,0.15024989053429225,-0.11667468547821044,0.14219139497727135,0.54,5,0.06638672265546891,0.31805403625157325,False
60,0.3356355369091034,0.39343149662017823,0.009605667889118194,0.0035405606031417847,0.06309002929182192,0.1522533433086127,-0.14279765505343675,0.1249337531626224,0.54,4,0.0653869226154769,0.31805403625157325,False
61,0.3728641480207443,0.42990363240242,0.013795012310147285,0.004506558179855347,0.053565771883726125,0.25753408986790616,-0.08921917285770178,0.13643817603588088,0.61,5,0.004599080183963208,0.07358528294341132,False
62,0.35530851483345033,0.3697414755821228,0.001679680310189724,-0.0003882795572280884,0.05032181737833991,0.03337876884614885,-0.11052311286330223,0.13774200081825203,0.43,3,0.3649270145970806,0.7750662256929146,False
63,0.39847137331962584,0.4200115203857422,-0.000487336665391922,-0.00410846434533596,0.04595411640563849,-0.010604853351769084,-0.08149943742901086,0.0996895164251327,0.34,2,1.0,1.0,False
64,0.36388602256774905,0.3869082868099213,0.007595641352236271,0.0,0.04557764048529358,0.16665279885840376,-0.07638199850916863,0.11344739273190498,0.45,5,0.04999000199960008,0.28124607636612214,False
65,0.38347222805023196,0.3836708188056946,-0.0037534900382161143,0.0,0.040236404955960266,-0.09328591961246044,-0.1130842037498951,0.05426880940794941,0.45,1,1.0,1.0,False
66,0.32176933288574217,0.328396874666214,-0.0016671780124306679,8.065998554229736e-05,0.01794857926889178,-0.09288634980263853,-0.05086745647713542,0.03129220530390737,0.54,2,1.0,1.0,False
67,0.3648545265197754,0.34129979014396666,0.0032317319884896277,6.909668445587158e-05,0.0422335768341131,0.07652044251859999,-0.07519276775419712,0.08285512309521424,0.5,3,0.22435512897420515,0.5789809779979488,False
68,0.34643266201019285,0.3504919230937958,6.3285231590270994e-06,-0.000898703932762146,0.030171978133034436,0.00020974836754565258,-0.05102246282622218,0.07818765863776198,0.36,3,0.4953009398120376,0.8490873253920644,False
69,0.365346696972847,0.35959470868110655,0.0033015817031264304,0.0,0.03634759920523868,0.0908335564196103,-0.05805690549314022,0.0965274635702371,0.48,4,0.1817636472705459,0.5319911627430611,False
70,0.4322909235954285,0.3968610048294067,0.0011678478121757508,0.0,0.021202664695288333,0.05508023774178113,-0.02973238378763199,0.03836498036980628,0.46,3,0.3001399720055989,0.6781447448827991,False
71,0.34228717982769014,0.4334779858589172,0.0013133125007152558,0.0,0.04315121192230193,0.030435124350157446,-0.1135028786957264,0.07731467280536886,0.46,2,0.3863227354529094,0.7855907810034631,False
72,0.4156738638877869,0.40456004738807677,0.003205251730978489,0.0013106763362884521,0.020442001945554386,0.15679734986404056,-0.0475017499178648,0.04202351514250037,0.56,4,0.0647870425914817,0.31805403625157325,False
73,0.4108525216579437,0.4431591033935547,0.00023502107709646224,0.0,0.025303777439837832,0.009287983885222176,-0.06776509694755077,0.05424231346696605,0.45,2,0.46810637872425515,0.838399484282248,False
74,0.3806261599063873,0.40321533679962157,0.005418637953698635,9.240210056304932e-05,0.03713275063721689,0.1459261126825256,-0.06983223035931588,0.09438471850007767,0.55,3,0.07318536292741452,0.327045701970717,False
75,0.6373786687850952,0.6732721328735352,0.004183158576488495,0.0016620159149169922,0.03689638985496223,0.11337582329686649,-0.05655104741454124,0.0817662991583346,0.52,3,0.13737252549490103,0.4455325151185979,False
76,0.6332613110542298,0.595770788192749,0.0010279510170221329,-0.0028719305992126465,0.04327829369977256,0.02375211518626796,-0.07620820850133896,0.09252016842365253,0.41,2,0.4013197360527894,0.7973487269759163,False
77,0.5372946739196778,0.583012193441391,0.004925231076776981,0.004630953073501587,0.038520930725709904,0.12785856893872374,-0.07016955623403191,0.08626176118850686,0.53,3,0.11217756448710257,0.4079184163167366,False
78,0.6371895551681519,0.6998143315315246,0.005140415281057358,0.0,0.035317924162454786,0.14554692561806756,-0.06912146396934986,0.06608572006225577,0.49,3,0.07358528294341132,0.327045701970717,False
79,0.6567985653877259,0.5797072052955627,-0.010587882846593857,-0.007777810096740723,0.05583328659434575,-0.18963388137115494,-0.11240423247218131,0.10197372883558252,0.33,1,1.0,1.0,False
80,0.3370424807071686,0.3593489468097687,-0.006274804808199406,-0.0002662241458892822,0.039001367245392174,-0.16088679067887662,-0.11587830353528261,0.05154015328735112,0.41,2,1.0,1.0,False
81,0.300564181804657,0.351535439491272,-0.014648463763296603,-0.011053353548049927,0.041861551451035026,-0.3499264421776327,-0.1006545907817781,0.07270350605249395,0.34,1,1.0,1.0,False
82,0.35489994287490845,0.30277749300003054,0.008645025454461575,0.008275449275970459,0.032734284379404135,0.2640969741162535,-0.04860932677984238,0.07726103439927089,0.6,4,0.0057988402319536095,0.07998400319936014,False
83,0.3764027774333954,0.3142827689647675,0.012409953773021698,0.004905268549919128,0.04937052004384987,0.25136364295939023,-0.07159182205796241,0.09967455593869072,0.63,5,0.005398920215956809,0.07998400319936014,False
84,0.3301582127809525,0.35371667742729185,-0.010734271220862866,-0.002873159945011139,0.024783329202500887,-0.43312466751963535,-0.07474812120199203,0.02487530782818793,0.33,1,1.0,1.0,False
85,0.5586055159568787,0.49068206548690796,-0.0162910832837224,-0.006909996271133423,0.044246280641852584,-0.3681910218756931,-0.09891301840543747,0.0515562953427434,0.26,0,1.0,1.0,False
86,0.5706472098827362,0.49825998544692995,-0.008218654617667197,0.0,0.05221457151743108,-0.15740155245597523,-0.1078816425986588,0.07752703130245209,0.47,1,1.0,1.0,False
87,0.5529538452625274,0.56639004945755,0.002630615234375,0.0023946762084960938,0.021021812625442428,0.12513741232719391,-0.0344635920599103,0.04715494886040686,0.59,4,0.10817836432713457,0.40311937612477505,False
88,0.5157370865345001,0.5837685763835907,0.00377474132925272,0.0011178702116012573,0.045623638483510906,0.08273652551005922,-0.08848645649850369,0.10187326520681379,0.54,4,0.20835832833433313,0.5670170313763334,False
89,0.5421842575073242,0.5390688836574554,0.0058982550725340845,0.0,0.04536854273327341,0.13000759374641074,-0.05967575237154961,0.12093950212001799,0.45,2,0.09938012397520496,0.38469725409756755,False
90,0.3217596411705017,0.3443343281745911,0.007796001099050045,0.0011600218713283539,0.04044807385401456,0.1927409727144838,-0.04913011677563191,0.11212356574833379,0.53,2,0.027194561087782444,0.20941266292196106,False
91,0.3520882070064545,0.3930341124534607,0.0017918113246560097,0.0,0.05738917267812043,0.031222114573872157,-0.13337728008627892,0.1234514996409414,0.49,2,0.3793241351729654,0.7848085555302733,False
92,0.4349660098552704,0.3716756045818329,-0.0014205411076545714,0.0,0.062425026839321995,-0.022755955096518468,-0.1207254346460104,0.10415912866592389,0.46,2,1.0,1.0,False
93,0.3850040853023529,0.38792442083358764,0.002585088536143303,0.0,0.03869366332253095,0.0668090926050424,-0.05754616037011147,0.08360860422253588,0.44,3,0.27014597080583885,0.6483503299340132,False
94,0.31900392174720765,0.34977213442325594,0.003035852685570717,2.7939677238464355e-05,0.027022594405023016,0.11234497472997657,-0.054885771311819556,0.053772991150617594,0.5,3,0.130373925214957,0.43651543663869974,False
95,0.6203014254570007,0.5128337562084198,-0.013783223330974578,-0.005575105547904968,0.07287170131704958,-0.1891437016271467,-0.16365532875061034,0.10206006616353988,0.4,2,1.0,1.0,False
96,0.489197301864624,0.510779869556427,0.002028929591178894,0.00035858154296875,0.0394138414594905,0.05147759051256715,-0.07304443046450615,0.06850512102246284,0.5,3,0.2991401719656069,0.6781447448827991,False
97,0.4772877275943756,0.4735665857791901,-0.003924005180597306,0.0,0.05910402549911675,-0.06639150459651764,-0.1376377698034048,0.10917420759797089,0.47,3,1.0,1.0,False
98,0.5012520611286163,0.45445303320884706,-0.012415793910622596,-0.011770494282245636,0.028851146802532958,-0.4303397017664672,-0.07982957325875759,0.035354584455490105,0.26,1,1.0,1.0,False
99,0.5933371305465698,0.5193947792053223,-0.00613738164305687,0.0,0.07595839586443466,-0.08079925297541102,-0.16026149988174437,0.12020822390913961,0.48,2,1.0,1.0,False
100,0.4541076421737671,0.4522438108921051,-0.009087186492979526,-7.101893424987793e-05,0.04274975801038702,-0.212566969169079,-0.12783947885036467,0.06327194422483438,0.43,2,1.0,1.0,False
101,0.4376011848449707,0.50821253657341,0.015503435358405114,0.008635610342025757,0.04038874316008512,0.38385535536363646,-0.05989985568448901,0.10544218569993964,0.6,4,0.0001999600079984003,0.011997600479904018,True
102,0.4176042556762695,0.5055874407291412,0.014821971356868744,0.0,0.08258463295124033,0.17947614256056502,-0.1332862342707813,0.21249110698699933,0.46,3,0.04039192161567687,0.2576326839895179,False
103,0.47134932279586794,0.4973398566246033,0.005147350542247295,0.0022477060556411743,0.05586061431646774,0.0921463289516645,-0.11069582402706146,0.11674159839749333,0.55,3,0.1809638072385523,0.5319911627430611,False
104,0.4776118040084839,0.4527436077594757,-0.0072989723086357115,-0.010626213625073433,0.03569109783224794,-0.20450400105207406,-0.0602906602434814,0.06861290112137794,0.32,2,1.0,1.0,False
105,0.529951673746109,0.6294068455696106,0.01806471437215805,0.015168063342571259,0.053895670338490735,0.33517932440032666,-0.08846720354631543,0.13488232195377342,0.59,4,0.0009998000399920016,0.029994001199760048,True
106,0.6006905972957611,0.5767184019088745,-0.0034292227402329444,-8.244812488555908e-05,0.03694049725458453,-0.09283098482945727,-0.07906633280217648,0.06213032249361273,0.43,3,1.0,1.0,False
107,0.5181341767311096,0.6575730562210083,0.023339236192405223,0.01363283395767212,0.060205461587755325,0.38765978329700224,-0.10539984423667192,0.13595857098698608,0.62,4,0.0001999600079984003,0.011997600479904018,True
108,0.5844369769096375,0.6571853816509247,0.009156767576932907,0.01204422116279602,0.07780034907589238,0.11769571326731065,-0.12867323085665702,0.14457353204488735,0.53,3,0.1227754449110178,0.420944382552061,False
109,0.6497889041900635,0.5442118942737579,-0.020199447348713876,-0.008663594722747803,0.06255149430516242,-0.3229250967238172,-0.15878947973251342,0.10457424893975252,0.32,1,1.0,1.0,False
110,0.7394474864006042,0.7434788703918457,0.0023390500992536544,0.0022293031215667725,0.026855409471835966,0.08709791231098833,-0.051029824279248716,0.06223174035549163,0.53,3,0.19796040791841632,0.5589470341225873,False
111,0.7039756774902344,0.6683809757232666,0.001033388637006283,0.002902776002883911,0.041420917975614334,0.024948472595770765,-0.0866203710436821,0.08573161363601682,0.57,3,0.40271945610877824,0.7973487269759163,False
112,0.6283961474895478,0.6745768547058105,0.003072959668934345,0.0037025809288024902,0.05075028209472363,0.06055059286564699,-0.12419817792251706,0.09472127258777602,0.65,4,0.27374525094981006,0.650483764633212,False
113,0.7431410312652588,0.6258121252059936,0.0006313663721084595,-0.00137367844581604,0.03696096719926848,0.017081976472762737,-0.059476999938488005,0.0812651172280311,0.4,2,0.43331333733253347,0.8188598500772286,False
114,0.6764761328697204,0.642819094657898,-0.0062127428874373435,-0.00675751268863678,0.028982259521936102,-0.2143636483116522,-0.06341410214081407,0.05315111484378574,0.32,0,1.0,1.0,False
115,0.6953528046607971,0.7077052354812622,0.0005455122888088226,-1.220405101776123e-05,0.05394675219621101,0.010112050616591838,-0.09279207363724709,0.11448828279972065,0.42,2,0.46450709858028394,0.838399484282248,False
116,0.6275847315788269,0.6190160632133483,-0.0009062542766332626,-0.004963088780641556,0.08375943116078437,-0.010819728167609203,-0.18883293271064758,0.18530181944370244,0.36,2,1.0,1.0,False
117,0.6402406692504883,0.7156397581100464,-0.007641221545636654,0.0,0.06311688279206898,-0.12106462181932756,-0.14800191521644593,0.1264590218663215,0.45,2,1.0,1.0,False
118,0.6397642135620117,0.7801103949546814,0.008069744482636452,-0.00016297399997711182,0.06616716837509869,0.12195994903226681,-0.16636335998773574,0.14299131259322156,0.43,3,0.10917816436712657,0.40311937612477505,False
119,0.798531687259674,0.7179438352584839,-0.009410751722753049,-0.006849229335784912,0.06613971599725635,-0.14228594091851607,-0.1486031726002693,0.1344150546938178,0.39,2,1.0,1.0,False
120,0.30455909073352816,0.3284774124622345,-0.01635181102901697,-0.013678796589374542,0.06934296660856669,-0.23581066442284074,-0.12363203074783087,0.11846860218793152,0.35,1,1.0,1.0,False
121,0.3272533148527145,0.3234594941139221,-0.0034275829792022707,-0.0007334165275096893,0.0796779271135174,-0.04301797377734215,-0.1375060547143221,0.2164830287918448,0.43,2,1.0,1.0,False
122,0.288135027885437,0.2825446516275406,0.0018960064277052878,-0.0003259405493736267,0.030933235146447153,0.0612935057949493,-0.04602269437164068,0.07035249993205067,0.42,3,0.26874625074985004,0.6483503299340132,False
123,0.2611909359693527,0.28882733583450315,-0.0027383769676089286,-0.0016126260161399841,0.046024840882276555,-0.05949780412306509,-0.08655196018517017,0.0898707175627349,0.4,2,1.0,1.0,False
124,0.3344587624073029,0.25371130704879763,0.020428480543196202,0.020040158182382584,0.08091590733291734,0.25246556847154955,-0.15553754195570946,0.18117408938705917,0.68,5,0.007398520295940812,0.09345499321188395,False
125,0.5739620387554168,0.524407809972763,-0.008141779825091362,-0.00195365771651268,0.03934281055324598,-0.20694453981807925,-0.0947667457163334,0.05408464446663845,0.4,2,1.0,1.0,False
126,0.5699472188949585,0.523627370595932,0.007276873476803303,0.0034051798284053802,0.03748007164180999,0.19415313680152527,-0.06623643934726715,0.07075420599430793,0.63,4,0.027994401119776045,0.20941266292196106,False
127,0.4568785548210144,0.5775224030017853,0.014060426652431488,7.686018943786621e-05,0.09278581702659686,0.15153637811262788,-0.1930994547903538,0.21309010051190844,0.5,4,0.06758648270345931,0.31805403625157325,False
128,0.4859138309955597,0.4796627461910248,0.005900613591074943,0.0039895325899124146,0.0590777398597886,0.09987879707448337,-0.11017325455322861,0.15323130674660201,0.53,4,0.15916816636672665,0.4961085704936934,False
129,0.41593071818351746,0.5895770132541657,0.021101534254848956,0.01349487155675888,0.09149779947307761,0.23062340708049367,-0.13439012346789242,0.22319274023175212,0.58,5,0.010997800439912017,0.11997600479904019,False
130,0.3612761557102203,0.31005776226520537,0.008271283693611622,0.004528257995843887,0.02303543080871386,0.35906789685403906,-0.034183131903409956,0.061858471576124396,0.6,5,0.0003999200159968006,0.019196160767846433,True
131,0.3694072663784027,0.38371416330337527,-0.003766683116555214,-0.0030181556940078735,0.0485248428318481,-0.0776238086871874,-0.09194703418761492,0.10662698373198459,0.33,3,1.0,1.0,False
132,0.3282557845115662,0.35798042416572573,0.0011055034399032593,-0.0017580091953277588,0.04615634423362358,0.023951278166825258,-0.0630320718511939,0.12193624973297114,0.32,3,0.41151769646070785,0.8011300965613328,False
133,0.34801300168037413,0.35950886607170107,0.002487025745213032,0.0006771683692932129,0.011956330953621653,0.20800910871906694,-0.024491339921951294,0.022471478395163953,0.54,5,0.01779644071185763,0.15819058410540113,False
134,0.34818572402000425,0.3547342479228973,0.0010321500897407531,0.0001344531774520874,0.03808158405008423,0.027103654311839746,-0.0836664354428649,0.0908544063568115,0.5,3,0.38652269546090784,0.7855907810034631,False
135,0.461191725730896,0.45461623668670653,-0.017499733231961728,-0.011462196707725525,0.06857527104813814,-0.25519014310096344,-0.15451306775212287,0.15288430992513868,0.31,2,1.0,1.0,False
136,0.38585410118103025,0.46175057888031007,0.024571851417422293,0.001378387212753296,0.07868220278025782,0.31229236789475884,-0.10375661049038172,0.1963854253292081,0.52,3,0.0007998400319936012,0.027423086811209186,True
137,0.4441729962825775,0.47355363965034486,0.013075751587748527,0.016706224530935287,0.07498540755142638,0.17437728239032288,-0.15318574532866477,0.1442784078419208,0.62,4,0.04559088182363527,0.2680439521851727,False
138,0.4433255076408386,0.43918253779411315,0.0049010984227061275,0.00353056937456131,0.03706582858274822,0.13222686798339311,-0.06339250206947326,0.10177616048604236,0.6,2,0.09218156368726255,0.3749758522871697,False
139,0.41579779982566833,0.42811776995658873,0.007391723766922951,0.0,0.053436219961452244,0.13832796878699846,-0.1127148613333702,0.115662507340312,0.48,3,0.08278344331133773,0.34856186657405364,False
140,0.2858229517936707,0.2959274500608444,0.004834982790052891,0.0,0.03969970528324137,0.12178888370977167,-0.0737116364762187,0.09747596979141233,0.49,4,0.11557688462307539,0.41003563993083736,False
141,0.34357279539108276,0.29550614058971403,0.0026433607563376427,9.953789412975311e-05,0.04009995578839944,0.06591929353454158,-0.08103193119168281,0.07618563976138827,0.5,3,0.2445510897820436,0.611877624475105,False
142,0.35734296441078184,0.30151765048503876,0.002201706990599632,0.00031194090843200684,0.04442377327853168,0.0495614583838972,-0.08877375721931458,0.10588877834379658,0.51,4,0.3077384523095381,0.6805911544963735,False
143,0.33229721784591676,0.31614076495170595,0.0036138467863202095,0.0034495294094085693,0.04241103988222221,0.0852100489956403,-0.09126131609082222,0.0878346664831041,0.56,3,0.1923615276944611,0.556226104176755,False
144,0.321761754155159,0.37310506105422975,-0.0007690633833408356,-0.0010108500719070435,0.07901516457428322,-0.009733111200671218,-0.1256107272580266,0.2539578258991235,0.38,2,1.0,1.0,False
145,0.21809131503105164,0.2897146701812744,-0.0059546342864632605,-0.0019331015646457672,0.07292804033275817,-0.08165081989442309,-0.13831313867121936,0.15589004345238205,0.4,1,1.0,1.0,False
146,0.2497234046459198,0.26135794520378114,-0.009269137568771839,-0.0048542320728302,0.07412864470911613,-0.12504123885097748,-0.15970534849911927,0.13090201728045922,0.38,1,1.0,1.0,False
147,0.2581449061632156,0.25498263239860536,-0.006435730345547199,0.0,0.03200637953829517,-0.20107648657502614,-0.06288030501455069,0.05646967962384216,0.46,1,1.0,1.0,False
148,0.2613722950220108,0.27537131905555723,-0.007857159748673438,-0.00035390257835388184,0.03193391647662678,-0.24604435082130585,-0.06805064398795366,0.038588585518300474,0.43,1,1.0,1.0,False
149,0.2717720836400986,0.2595373034477234,0.0008296666294336319,0.0006484314799308777,0.056358827667157954,0.014721147755830707,-0.12117057088762521,0.10894201211631291,0.5,3,0.4305138972205559,0.8188598500772286,False
150,0.3386758744716644,0.361019104719162,-0.00579486146569252,-0.003110624849796295,0.022891943212194753,-0.253139779877033,-0.06102535240352154,0.032234393060207304,0.35,2,1.0,1.0,False
151,0.3436316430568695,0.2932951033115387,-0.0035755482316017152,-0.0038514137268066406,0.042750912089367696,-0.08363677069923771,-0.12050115466117858,0.0831813801079988,0.35,2,1.0,1.0,False
152,0.3111585795879364,0.3683908939361572,0.010032716803252698,0.0001379251480102539,0.051878414889236925,0.19338903905743962,-0.07977316100150347,0.1414990171790122,0.51,4,0.028794241151769647,0.20941266292196106,False
153,0.35610545575618746,0.3585840344429016,0.008304763063788414,0.0,0.047987023185515364,0.17306268471129427,-0.06062618736177683,0.13296779468655584,0.44,3,0.03819236152769446,0.2576326839895179,False
154,0.38141694068908694,0.31460270285606384,-0.007456875182688236,0.0038901865482330322,0.10472234213504515,-0.07120615363121072,-0.22301289960741996,0.149658822454512,0.54,3,1.0,1.0,False
155,0.37076386213302615,0.4306724190711975,0.005186024457216263,9.545683860778809e-05,0.08246624819262181,0.06288663023814212,-0.16148772183805704,0.24648587405681607,0.5,3,0.28054389122175566,0.6601032734629545,False
156,0.3615489363670349,0.44118140935897826,0.008164039738476276,0.0,0.09318369980564128,0.08761231583962102,-0.16436985926702619,0.17887320891022682,0.49,4,0.19616076784643072,0.5589470341225873,False
157,0.36013382077217104,0.33207328915596007,-0.010105268470942974,-0.003140859305858612,0.04801927046068499,-0.21044194078742826,-0.10730897523462772,0.08383694384247053,0.4,0,1.0,1.0,False
158,0.4153050720691681,0.3992559850215912,-0.006178464330732822,0.0,0.05585751949229733,-0.1106111475570415,-0.13179467879235746,0.108465326577425,0.47,1,1.0,1.0,False
159,0.36709476709365846,0.3963533341884613,-0.00833888240158558,-0.0019098185002803802,0.07059679131845643,-0.11811985000804857,-0.20922601902857424,0.1551487337797878,0.42,2,1.0,1.0,False
160,0.4644430935382843,0.4627274423837662,0.009642479345202445,0.002474965527653694,0.05546767019100045,0.17383963148260956,-0.09070886746048927,0.12265366762876502,0.57,3,0.04279144171165767,0.26333194899481643,False
161,0.5706641793251037,0.5172644674777984,-0.004908873327076435,0.0,0.03056159901727877,-0.16062226731988336,-0.06827296987175942,0.05102541334927068,0.46,2,1.0,1.0,False
162,0.4610115051269531,0.482849782705307,-0.0027727993950247766,-0.0003460422158241272,0.045388448443364315,-0.06109042036289639,-0.08511931821703911,0.09041247935965656,0.42,1,1.0,1.0,False
163,0.45479722023010255,0.5634195327758789,0.022541599906980993,0.011932000517845154,0.05693012409135849,0.39595205994646016,-0.06419953946024179,0.16244726702570894,0.62,4,0.0001999600079984003,0.011997600479904018,True
164,0.45379326343536375,0.4806791603565216,0.007951991111040115,-0.0033914223313331604,0.05422140918913799,0.14665777282367484,-0.07000232860445976,0.1464473202824592,0.4,2,0.07598480303939212,0.3315700496264383,False
165,0.36897077560424807,0.41369175612926484,0.00038993172347545624,0.0017225295305252075,0.05875477738791987,0.006636596049049573,-0.11428099852055311,0.11655947081744665,0.52,2,0.4673065386922616,0.838399484282248,False
166,0.4540315091609955,0.368152517080307,0.008511343188583851,0.01845468580722809,0.07517280426256112,0.11322370200339618,-0.17607810869812965,0.1277107672765851,0.64,4,0.13097380523895222,0.43651543663869974,False
167,0.42274832129478457,0.39706664681434634,0.0037733685225248338,0.0022002607583999634,0.031219729500723378,0.12086486919873546,-0.07352749556303025,0.06263662576675405,0.58,2,0.1195760847830434,0.4159168166366727,False
168,0.4318810343742371,0.45038673281669617,-0.002487577125430107,0.0,0.024044716384329163,-0.10345628892721537,-0.0672931469976902,0.048535368591546946,0.48,1,1.0,1.0,False
169,0.37829649448394775,0.37454838752746583,0.0017575962468981744,0.0,0.018044680402251295,0.09740245921334759,-0.03045552261173725,0.04462343025952571,0.46,2,0.15676864627074585,0.4950588829602501,False
170,0.4382993459701538,0.5326316714286804,0.0050127037987113,0.0,0.06471792725648415,0.07745464064146264,-0.10952067114412783,0.15980081260204285,0.47,3,0.21335732853429315,0.5670170313763334,False
171,0.3396377146244049,0.448688405752182,0.004546269346028566,0.0,0.0567397015595403,0.08012501336930543,-0.10489091202616692,0.1506951324641704,0.44,3,0.21455708858228353,0.5670170313763334,False
172,0.47136672735214236,0.45464311838150023,-0.008699634037911892,0.0,0.061583919100105064,-0.14126470294575733,-0.1796674206852913,0.0992630697786806,0.46,1,1.0,1.0,False
173,0.49527773857116697,0.4757534921169281,-0.0018012059479951858,0.0,0.060521536300657805,-0.029761404916213412,-0.15163918808102608,0.11677766460925333,0.46,3,1.0,1.0,False
174,0.37690006494522094,0.43188010454177855,-8.64868238568306e-05,-0.00019311904907226562,0.030540710180907635,-0.0028318537239156076,-0.05998180508613586,0.07904942259192466,0.43,2,1.0,1.0,False
175,0.7070467710494995,0.6753296971321106,-0.010346051380038261,-0.01171720027923584,0.029459996119573593,-0.3511898419146164,-0.05381748080253601,0.06093852762132878,0.19,1,1.0,1.0,False
176,0.7508437871932984,0.7077061176300049,0.0024700334668159487,-0.0018550753593444824,0.034328472305565925,0.0719529096672171,-0.04847467690706253,0.08717869073152541,0.41,3,0.24375124975005,0.611877624475105,False
177,0.7835410833358765,0.6208860397338867,-0.026138813383877278,-0.011697471141815186,0.08200985676560366,-0.3187277043854117,-0.2331298917531967,0.1381746277213094,0.27,1,1.0,1.0,False
178,0.8928721785545349,0.736683189868927,-0.019615230560302736,-0.013747453689575195,0.06383676723337346,-0.3072716775991128,-0.17668861672282218,0.12729561515152452,0.33,1,1.0,1.0,False
179,0.7194051861763,0.69871906042099,0.005404357947409153,-0.0032151341438293457,0.05817351294208827,0.09290066344779953,-0.08602994475513696,0.14937494844198212,0.38,2,0.17816436712657469,0.5319911627430611,False
180,0.45167728066444396,0.44816491603851316,-0.0020278535783290865,-4.304945468902588e-05,0.01711376581888363,-0.11849253985300635,-0.03520500622689724,0.029596844315528847,0.43,0,1.0,1.0,False
181,0.4266189157962799,0.571363216638565,0.008192026168107986,5.5730342864990234e-06,0.06556356501534241,0.12494784513610546,-0.0933093462139368,0.18875115364789882,0.5,4,0.11617676464707058,0.41003563993083736,False
182,0.44973716139793396,0.4217186450958252,0.009363613948225975,0.0,0.03981855403338814,0.23515705618979832,-0.04937089942395687,0.13333199322223663,0.48,4,0.009998000399920015,0.11426286171337162,False
183,0.4316887855529785,0.4357873260974884,0.0032362544536590574,1.1086463928222656e-05,0.021910068298980786,0.14770626953315347,-0.03724312335252762,0.05649061352014517,0.5,2,0.07958408318336332,0.34107464221441425,False
184,0.4143137991428375,0.4659672498703003,0.003307690620422363,0.0,0.01929458292886266,0.17143105049834514,-0.025959933176636696,0.055843567103147265,0.49,4,0.04079184163167367,0.2576326839895179,False
185,0.5055017948150635,0.5072296559810638,-0.001386105939745903,-0.006452813744544983,0.0681495058801514,-0.020339192806232913,-0.11506700664758682,0.14251557886600488,0.42,2,1.0,1.0,False
186,0.5918822228908539,0.5351346552371978,-0.00907891921699047,-0.009871423244476318,0.03643778747077688,-0.24916219801412934,-0.08012590631842613,0.07114211246371258,0.32,1,1.0,1.0,False
187,0.532227486371994,0.5532068490982056,-0.0021219201013445853,0.0,0.02714823426480129,-0.07816051978362862,-0.06123526021838188,0.053922572731971694,0.47,3,1.0,1.0,False
188,0.5396403074264526,0.591585111618042,0.004634972512722015,-0.00046691298484802246,0.02745167184194545,0.16884117438850832,-0.033595845103263855,0.09038755595684042,0.35,2,0.05038992201559688,0.28124607636612214,False
189,0.5390279650688171,0.5289058148860931,-0.0024745478853583336,0.0,0.038259044500680746,-0.06467876858017987,-0.08432417064905166,0.07309497222304343,0.44,3,1.0,1.0,False
190,0.7496086001396179,0.8083194971084595,0.0025192976742982862,0.0,0.054673817701594116,0.04607868592693558,-0.06910617053508758,0.0877574510872364,0.46,2,0.3313337332533493,0.7100008569714628,False
191,0.8962792754173279,0.7840473532676697,-0.010510385558009148,-0.005927562713623047,0.041081309588678054,-0.25584348851687516,-0.07936795353889466,0.04055489450693117,0.26,1,1.0,1.0,False
192,0.7910950422286988,0.7487558484077453,0.002619231641292572,0.0,0.04710555877768819,0.055603451254105186,-0.06196156814694405,0.10142141282558419,0.45,2,0.3115376924615077,0.6805911544963735,False
193,0.7798550724983215,0.8478983879089356,0.004458195865154267,0.00222933292388916,0.024886047672830564,0.17914439141822905,-0.029882817715406417,0.05454863309860222,0.52,3,0.038992201559688064,0.2576326839895179,False
194,0.76563560962677,0.6096372485160828,-0.006475805938243866,-0.005259662866592407,0.033052280735039484,-0.19592614470863776,-0.10283846110105514,0.04756000414490695,0.3,1,1.0,1.0,False
195,0.9639630556106568,0.8662753105163574,-0.00681043803691864,-0.004714280366897583,0.03764928737681215,-0.18089155230898546,-0.08565440773963928,0.05757071673870086,0.39,2,1.0,1.0,False
196,0.6742387235164642,0.7806865096092224,0.008971539735794067,0.008878916501998901,0.028586555999522693,0.3138377262355026,-0.05409878045320511,0.05376811176538467,0.63,4,0.0013997200559888023,0.037325868159701396,True
197,0.8467167258262634,0.8061763644218445,-0.004971966743469238,-0.0019884705543518066,0.01758491643067804,-0.28274042490161144,-0.04156539142131806,0.02065834552049636,0.36,2,1.0,1.0,False
198,0.7284465968608856,0.6723556995391846,-0.003702383041381836,0.0,0.03233279249277634,-0.114508607390129,-0.07365157082676888,0.0743108212947845,0.44,3,1.0,1.0,False
199,0.9872479915618897,0.8653189659118652,0.011749489903450013,0.0163155198097229,0.04034457802720774,0.291228474258086,-0.0834221139550209,0.06746339946985244,0.69,4,0.0021995600879824036,0.04799040191961608,True
200,0.608830738067627,0.6336256384849548,0.009672198593616486,0.011889174580574036,0.03614038141681205,0.267628569883247,-0.0691519994288683,0.06630625948309897,0.62,4,0.004399120175964807,0.07358528294341132,False
201,0.6915995240211487,0.6290113449096679,-0.013813393115997314,-0.02020798623561859,0.07161159947203279,-0.192893235423292,-0.16542679220438003,0.135821622610092,0.22,1,1.0,1.0,False
202,0.6659539937973022,0.6594374239444732,-0.007749109789729119,0.004614084959030151,0.07661956779910063,-0.10113747717877467,-0.1856700785458088,0.10821731835603714,0.52,3,1.0,1.0,False
203,0.5849408984184266,0.625333172082901,0.011780156008899211,0.019177675247192383,0.035087609414200666,0.33573549767490124,-0.0631265220232308,0.06355590522289276,0.68,4,0.0007998400319936012,0.027423086811209186,True
204,0.6405649781227112,0.6704342603683472,0.009824553430080414,0.0,0.06038849154865888,0.16268916772269665,-0.10448101460933686,0.15148233473300912,0.48,3,0.05658868226354729,0.30180630540558556,False
205,0.28284753262996676,0.31109604239463806,-0.009963670521974563,0.0,0.0365160178548439,-0.2728575323185978,-0.10447594989091158,0.03970878124237057,0.44,2,1.0,1.0,False
206,0.2827212482690811,0.30879548788070676,-0.010092812292277813,-0.0047637224197387695,0.04811900051208456,-0.20974692293833314,-0.1039424498565495,0.07873409744352096,0.38,2,1.0,1.0,False
207,0.28873295783996583,0.264889720082283,0.00045057859271764757,0.0,0.038335669659065263,0.011753507809432486,-0.07655052095651627,0.10445732381194825,0.47,2,0.45510897820435914,0.838399484282248,False
208,0.2717757821083069,0.3099732667207718,-0.015060532987117767,-0.0008927732706069946,0.08546994075537949,-0.1762085342988828,-0.19755134489387274,0.11978267198428505,0.43,2,1.0,1.0,False
209,0.27972063422203064,0.2596677511930466,0.00033894959837198256,-0.00043480098247528076,0.04518098850696436,0.0075020403398153995,-0.10427462682127953,0.10507547538727507,0.43,2,0.47170565886822635,0.8384410074506838,False
210,0.29582746624946593,0.2777371406555176,-0.0013182345405220986,-0.00021977722644805908,0.03135204508546667,-0.04204620581938273,-0.06672785878181457,0.06754994578659529,0.42,3,1.0,1.0,False
211,0.2626138061285019,0.2695151448249817,0.0034957755357027053,0.0009726658463478088,0.04240466408238819,0.08243846782775473,-0.06972820498049259,0.09348423331975908,0.51,4,0.21715656868626274,0.5670170313763334,False
212,0.2528790235519409,0.27482864558696746,-0.0034420983493328094,0.0,0.04884336862295669,-0.07047217352889541,-0.09923925315961242,0.09532767869532105,0.49,3,1.0,1.0,False
213,0.27854039072990416,0.2545127809047699,0.013684737384319306,0.0007525589317083359,0.06314135655754961,0.21673176077309136,-0.11377946995198726,0.16460631322115643,0.54,3,0.015396920615876825,0.15396920615876825,False
214,0.24292871356010437,0.276570987701416,-0.005941702872514725,0.0,0.048353821939070535,-0.12287969459791036,-0.09977088868618011,0.09923391863703718,0.45,2,1.0,1.0,False
215,0.21603219509124755,0.27707829773426057,-0.02774118822067976,-0.01873793825507164,0.06594506520157957,-0.42067117737894477,-0.14434680603444577,0.08507409095764157,0.24,0,1.0,1.0,False
216,0.24838975369930266,0.1976720154285431,0.016324893198907377,0.00299711711704731,0.06057246043416819,0.26951015497628195,-0.09952006265521049,0.13284697588533156,0.56,3,0.003999200159968006,0.07358528294341132,False
217,0.2417645424604416,0.18877848386764526,0.01813926260918379,0.017569400370121002,0.05718095566028936,0.31722559372649695,-0.11764208637177945,0.12332320064306238,0.63,4,0.001799640071985603,0.043191361727654476,True
218,0.26541662514209746,0.2230757772922516,0.013729629628360272,0.003919865936040878,0.06383826491944918,0.21506896601410228,-0.10371699687093497,0.13408218640834088,0.53,4,0.016796640671865627,0.15819058410540113,False
219,0.2472726970911026,0.20903270542621613,0.010063737258315086,0.015447437763214111,0.06529839739141065,0.15411920752038044,-0.12898937109857797,0.11555000171065323,0.56,4,0.0629874025194961,0.31805403625157325,False
220,0.2645463615655899,0.2643120437860489,0.003654124364256859,1.2366101145744324e-05,0.04455819267535638,0.08200791245911172,-0.0728122990578413,0.09373114351183176,0.5,2,0.21275744851029793,0.5670170313763334,False
221,0.3185125470161438,0.2605492532253265,0.00391286302357912,0.0,0.05366394313101894,0.07291419145302053,-0.10271478481590747,0.1130315819755196,0.45,2,0.244751049790042,0.611877624475105,False
222,0.2501987278461456,0.2698037803173065,-0.0036385257169604304,-0.0022775456309318542,0.03348656541006061,-0.10865628267350708,-0.05949619486927986,0.07102958792820564,0.39,1,1.0,1.0,False
223,0.27359852492809295,0.2726488023996353,0.000500829890370369,0.0,0.04412339181803917,0.011350666159930443,-0.10243566706776619,0.08611467853188512,0.48,1,0.4579084183163367,0.838399484282248,False
224,0.2928714632987976,0.27150027751922606,-0.006758594587445259,0.0,0.07010618494057543,-0.09640511166274547,-0.15618435638025402,0.1403578329831358,0.44,1,1.0,1.0,False
225,0.21689760386943818,0.27384087443351746,-0.003715253286063671,0.0,0.05922063743120236,-0.062735786834104,-0.11126832626760005,0.14714491032063928,0.44,3,1.0,1.0,False
226,0.22327329516410827,0.25470649600028994,-0.017543983347713947,-0.010018400847911835,0.05035325110644933,-0.3484180854702922,-0.11065219417214393,0.07102589271962632,0.35,1,1.0,1.0,False
227,0.26719661355018615,0.27240380346775056,0.0004046560451388359,0.0,0.05536366511765612,0.007309054490501684,-0.1196417959406972,0.11505148988217104,0.47,2,0.47750449910017995,0.8384410074506838,False
228,0.2812046229839325,0.3076282739639282,0.0022235744446516036,-0.0008835867047309875,0.06646796523998127,0.033453325020909426,-0.12565701473504304,0.1897233884781596,0.42,2,0.3743251349730054,0.7812002816827939,False
229,0.2332462728023529,0.24269916415214537,-0.001487935148179531,-0.0014928430318832397,0.0265607569048507,-0.056020058220095176,-0.05549495443701744,0.050598989985883205,0.39,2,1.0,1.0,False
230,0.5148927450180054,0.538503360748291,0.010507151633501053,0.009517014026641846,0.050479648767069875,0.20814629043844174,-0.08498715199530124,0.12364987917244405,0.67,4,0.020595880823835233,0.17653612134715913,False
231,0.5501984655857086,0.5928838074207305,0.01241126149892807,0.0007497332990169525,0.1045544530915503,0.11870619693319502,-0.1540299467742443,0.25596018247306224,0.51,4,0.13277344531093782,0.43651543663869974,False
232,0.4991755664348602,0.5145053029060364,-0.01059675082564354,-0.0071400851011276245,0.02813090030026282,-0.3766943365671286,-0.07772160433232785,0.043647716194391215,0.26,1,1.0,1.0,False
233,0.5367205739021301,0.5292641937732696,-0.011165889278054238,-0.008749440312385559,0.06644537515121497,-0.16804614696874154,-0.15462453663349152,0.11477812230586999,0.28,2,1.0,1.0,False
234,0.5611507534980774,0.4979704439640045,-0.033482466265559195,-0.012318313121795654,0.08800344424351289,-0.38046768002523185,-0.2366658966988325,0.10257372781634302,0.33,1,1.0,1.0,False
235,0.8290053248405457,0.9199156403541565,0.0009698445349931717,-9.387731552124023e-06,0.03381004632151945,0.028685099268139246,-0.0673479750752449,0.06760683953762053,0.43,2,0.3895220955808838,0.7855907810034631,False
236,0.8405773520469666,0.8260047435760498,0.009682869538664818,0.007413268089294434,0.041625631174523545,0.23261796315033653,-0.05133199840784072,0.08131679743528365,0.59,3,0.007998400319936013,0.09598080383923216,False
237,0.7813742756843567,0.9840258717536926,0.006053248196840286,0.004600703716278076,0.0430915541386223,0.1404741211553299,-0.09373602122068406,0.10098580121993993,0.6,3,0.08818236352729454,0.3648925387336326,False
238,0.7806182265281677,0.6854982852935791,0.003563290536403656,-0.0024319440126419067,0.043116286708363524,0.08264372487606785,-0.05069199353456497,0.11327394992113109,0.37,3,0.21735652869426114,0.5670170313763334,False
239,0.7784445881843567,0.8925622701644897,-0.010735773891210556,0.0,0.04074958298967183,-0.26345727007639774,-0.0884539544582367,0.01999031454324721,0.48,2,1.0,1.0,False
